[2026-05-12 23:11:43] local.ERROR: PHP Parse error: Syntax error, unexpected T_NS_SEPARATOR on line 2 {"exception":"[object] (Psy\\Exception\\ParseErrorException(code: 0): PHP Parse error: Syntax error, unexpected T_NS_SEPARATOR on line 2 at C:/Users/HP/Desktop/lp/regional-crm/vendor/psy/psysh/src/Exception/ParseErrorException.php:44)
[stacktrace]
#0 C:/Users/HP/Desktop/lp/regional-crm/vendor/psy/psysh/src/CodeCleaner.php(657): Psy/Exception/ParseErrorException::fromParseError()
#1 C:/Users/HP/Desktop/lp/regional-crm/vendor/psy/psysh/src/CodeCleaner.php(273): Psy/CodeCleaner->parse()
#2 C:/Users/HP/Desktop/lp/regional-crm/vendor/psy/psysh/src/Shell.php(1358): Psy/CodeCleaner->clean()
#3 C:/Users/HP/Desktop/lp/regional-crm/vendor/psy/psysh/src/Shell.php(1465): Psy/Shell->appendCode()
#4 C:/Users/HP/Desktop/lp/regional-crm/vendor/psy/psysh/src/Shell.php(2173): Psy/Shell->setCode()
#5 C:/Users/HP/Desktop/lp/regional-crm/vendor/laravel/tinker/src/Console/TinkerCommand.php(77): Psy/Shell->execute()
#6 C:/Users/HP/Desktop/lp/regional-crm/vendor/laravel/framework/src/Illuminate/Container/BoundMethod.php(36): Laravel/Tinker/Console/TinkerCommand->handle()
#7 C:/Users/HP/Desktop/lp/regional-crm/vendor/laravel/framework/src/Illuminate/Container/Util.php(41): Illuminate/Container/BoundMethod::{closure:Illuminate/Container/BoundMethod::call():35}()
#8 C:/Users/HP/Desktop/lp/regional-crm/vendor/laravel/framework/src/Illuminate/Container/BoundMethod.php(93): Illuminate/Container/Util::unwrapIfClosure()
#9 C:/Users/HP/Desktop/lp/regional-crm/vendor/laravel/framework/src/Illuminate/Container/BoundMethod.php(35): Illuminate/Container/BoundMethod::callBoundMethod()
#10 C:/Users/HP/Desktop/lp/regional-crm/vendor/laravel/framework/src/Illuminate/Container/Container.php(662): Illuminate/Container/BoundMethod::call()
#11 C:/Users/HP/Desktop/lp/regional-crm/vendor/laravel/framework/src/Illuminate/Console/Command.php(211): Illuminate/Container/Container->call()
#12 C:/Users/HP/Desktop/lp/regional-crm/vendor/symfony/console/Command/Command.php(326): Illuminate/Console/Command->execute()
#13 C:/Users/HP/Desktop/lp/regional-crm/vendor/laravel/framework/src/Illuminate/Console/Command.php(180): Symfony/Component/Console/Command/Command->run()
#14 C:/Users/HP/Desktop/lp/regional-crm/vendor/symfony/console/Application.php(1121): Illuminate/Console/Command->run()
#15 C:/Users/HP/Desktop/lp/regional-crm/vendor/symfony/console/Application.php(324): Symfony/Component/Console/Application->doRunCommand()
#16 C:/Users/HP/Desktop/lp/regional-crm/vendor/symfony/console/Application.php(175): Symfony/Component/Console/Application->doRun()
#17 C:/Users/HP/Desktop/lp/regional-crm/vendor/laravel/framework/src/Illuminate/Foundation/Console/Kernel.php(201): Symfony/Component/Console/Application->run()
#18 C:/Users/HP/Desktop/lp/regional-crm/artisan(24): Illuminate/Foundation/Console/Kernel->handle()
#19 {main}
"} 
[2026-05-12 23:11:47] local.ERROR: PHP Parse error: Syntax error, unexpected T_NS_SEPARATOR on line 1 {"exception":"[object] (Psy\\Exception\\ParseErrorException(code: 0): PHP Parse error: Syntax error, unexpected T_NS_SEPARATOR on line 1 at C:/Users/HP/Desktop/lp/regional-crm/vendor/psy/psysh/src/Exception/ParseErrorException.php:44)
[stacktrace]
#0 C:/Users/HP/Desktop/lp/regional-crm/vendor/psy/psysh/src/CodeCleaner.php(657): Psy/Exception/ParseErrorException::fromParseError()
#1 C:/Users/HP/Desktop/lp/regional-crm/vendor/psy/psysh/src/CodeCleaner.php(273): Psy/CodeCleaner->parse()
#2 C:/Users/HP/Desktop/lp/regional-crm/vendor/psy/psysh/src/Shell.php(1358): Psy/CodeCleaner->clean()
#3 C:/Users/HP/Desktop/lp/regional-crm/vendor/psy/psysh/src/Shell.php(1465): Psy/Shell->appendCode()
#4 C:/Users/HP/Desktop/lp/regional-crm/vendor/psy/psysh/src/Shell.php(2173): Psy/Shell->setCode()
#5 C:/Users/HP/Desktop/lp/regional-crm/vendor/laravel/tinker/src/Console/TinkerCommand.php(77): Psy/Shell->execute()
#6 C:/Users/HP/Desktop/lp/regional-crm/vendor/laravel/framework/src/Illuminate/Container/BoundMethod.php(36): Laravel/Tinker/Console/TinkerCommand->handle()
#7 C:/Users/HP/Desktop/lp/regional-crm/vendor/laravel/framework/src/Illuminate/Container/Util.php(41): Illuminate/Container/BoundMethod::{closure:Illuminate/Container/BoundMethod::call():35}()
#8 C:/Users/HP/Desktop/lp/regional-crm/vendor/laravel/framework/src/Illuminate/Container/BoundMethod.php(93): Illuminate/Container/Util::unwrapIfClosure()
#9 C:/Users/HP/Desktop/lp/regional-crm/vendor/laravel/framework/src/Illuminate/Container/BoundMethod.php(35): Illuminate/Container/BoundMethod::callBoundMethod()
#10 C:/Users/HP/Desktop/lp/regional-crm/vendor/laravel/framework/src/Illuminate/Container/Container.php(662): Illuminate/Container/BoundMethod::call()
#11 C:/Users/HP/Desktop/lp/regional-crm/vendor/laravel/framework/src/Illuminate/Console/Command.php(211): Illuminate/Container/Container->call()
#12 C:/Users/HP/Desktop/lp/regional-crm/vendor/symfony/console/Command/Command.php(326): Illuminate/Console/Command->execute()
#13 C:/Users/HP/Desktop/lp/regional-crm/vendor/laravel/framework/src/Illuminate/Console/Command.php(180): Symfony/Component/Console/Command/Command->run()
#14 C:/Users/HP/Desktop/lp/regional-crm/vendor/symfony/console/Application.php(1121): Illuminate/Console/Command->run()
#15 C:/Users/HP/Desktop/lp/regional-crm/vendor/symfony/console/Application.php(324): Symfony/Component/Console/Application->doRunCommand()
#16 C:/Users/HP/Desktop/lp/regional-crm/vendor/symfony/console/Application.php(175): Symfony/Component/Console/Application->doRun()
#17 C:/Users/HP/Desktop/lp/regional-crm/vendor/laravel/framework/src/Illuminate/Foundation/Console/Kernel.php(201): Symfony/Component/Console/Application->run()
#18 C:/Users/HP/Desktop/lp/regional-crm/artisan(24): Illuminate/Foundation/Console/Kernel->handle()
#19 {main}
"} 
[2026-05-12 23:15:30] local.ERROR: SQLSTATE[HY000]: General error: 1 no such function: DATE_FORMAT (Connection: sqlite, SQL: select DATE_FORMAT(actual_close_date, '%b %Y') as month, SUM(value) as total from "deals" where "status" = won and "actual_close_date" is not null and "deals"."deleted_at" is null group by "month" order by "actual_close_date" asc limit 12) {"userId":5,"exception":"[object] (Illuminate\\Database\\QueryException(code: HY000): SQLSTATE[HY000]: General error: 1 no such function: DATE_FORMAT (Connection: sqlite, SQL: select DATE_FORMAT(actual_close_date, '%b %Y') as month, SUM(value) as total from \"deals\" where \"status\" = won and \"actual_close_date\" is not null and \"deals\".\"deleted_at\" is null group by \"month\" order by \"actual_close_date\" asc limit 12) at C:/Users/HP/Desktop/lp/regional-crm/vendor/laravel/framework/src/Illuminate/Database/Connection.php:829)
[stacktrace]
#0 C:/Users/HP/Desktop/lp/regional-crm/vendor/laravel/framework/src/Illuminate/Database/Connection.php(783): Illuminate/Database/Connection->runQueryCallback()
#1 C:/Users/HP/Desktop/lp/regional-crm/vendor/laravel/framework/src/Illuminate/Database/Connection.php(414): Illuminate/Database/Connection->run()
#2 C:/Users/HP/Desktop/lp/regional-crm/vendor/laravel/framework/src/Illuminate/Database/Query/Builder.php(2913): Illuminate/Database/Connection->select()
#3 C:/Users/HP/Desktop/lp/regional-crm/vendor/laravel/framework/src/Illuminate/Database/Query/Builder.php(2902): Illuminate/Database/Query/Builder->runSelect()
#4 C:/Users/HP/Desktop/lp/regional-crm/vendor/laravel/framework/src/Illuminate/Database/Query/Builder.php(3456): Illuminate/Database/Query/Builder->{closure:Illuminate/Database/Query/Builder::get():2901}()
#5 C:/Users/HP/Desktop/lp/regional-crm/vendor/laravel/framework/src/Illuminate/Database/Query/Builder.php(2901): Illuminate/Database/Query/Builder->onceWithColumns()
#6 C:/Users/HP/Desktop/lp/regional-crm/vendor/laravel/framework/src/Illuminate/Database/Eloquent/Builder.php(739): Illuminate/Database/Query/Builder->get()
#7 C:/Users/HP/Desktop/lp/regional-crm/vendor/laravel/framework/src/Illuminate/Database/Eloquent/Builder.php(723): Illuminate/Database/Eloquent/Builder->getModels()
#8 C:/Users/HP/Desktop/lp/regional-crm/app/Http/Controllers/ReportController.php(30): Illuminate/Database/Eloquent/Builder->get()
#9 C:/Users/HP/Desktop/lp/regional-crm/vendor/laravel/framework/src/Illuminate/Routing/Controller.php(54): App/Http/Controllers/ReportController->index()
#10 C:/Users/HP/Desktop/lp/regional-crm/vendor/laravel/framework/src/Illuminate/Routing/ControllerDispatcher.php(43): Illuminate/Routing/Controller->callAction()
#11 C:/Users/HP/Desktop/lp/regional-crm/vendor/laravel/framework/src/Illuminate/Routing/Route.php(259): Illuminate/Routing/ControllerDispatcher->dispatch()
#12 C:/Users/HP/Desktop/lp/regional-crm/vendor/laravel/framework/src/Illuminate/Routing/Route.php(205): Illuminate/Routing/Route->runController()
#13 C:/Users/HP/Desktop/lp/regional-crm/vendor/laravel/framework/src/Illuminate/Routing/Router.php(806): Illuminate/Routing/Route->run()
#14 C:/Users/HP/Desktop/lp/regional-crm/vendor/laravel/framework/src/Illuminate/Pipeline/Pipeline.php(144): Illuminate/Routing/Router->{closure:Illuminate/Routing/Router::runRouteWithinStack():805}()
#15 C:/Users/HP/Desktop/lp/regional-crm/app/Http/Middleware/LocaleMiddleware.php(26): Illuminate/Pipeline/Pipeline->{closure:Illuminate/Pipeline/Pipeline::prepareDestination():142}()
#16 C:/Users/HP/Desktop/lp/regional-crm/vendor/laravel/framework/src/Illuminate/Pipeline/Pipeline.php(183): App/Http/Middleware/LocaleMiddleware->handle()
#17 C:/Users/HP/Desktop/lp/regional-crm/vendor/laravel/framework/src/Illuminate/Routing/Middleware/SubstituteBindings.php(50): Illuminate/Pipeline/Pipeline->{closure:{closure:Illuminate/Pipeline/Pipeline::carry():158}:159}()
#18 C:/Users/HP/Desktop/lp/regional-crm/vendor/laravel/framework/src/Illuminate/Pipeline/Pipeline.php(183): Illuminate/Routing/Middleware/SubstituteBindings->handle()
#19 C:/Users/HP/Desktop/lp/regional-crm/vendor/laravel/framework/src/Illuminate/Auth/Middleware/Authenticate.php(57): Illuminate/Pipeline/Pipeline->{closure:{closure:Illuminate/Pipeline/Pipeline::carry():158}:159}()
#20 C:/Users/HP/Desktop/lp/regional-crm/vendor/laravel/framework/src/Illuminate/Pipeline/Pipeline.php(183): Illuminate/Auth/Middleware/Authenticate->handle()
#21 C:/Users/HP/Desktop/lp/regional-crm/vendor/laravel/framework/src/Illuminate/Foundation/Http/Middleware/VerifyCsrfToken.php(78): Illuminate/Pipeline/Pipeline->{closure:{closure:Illuminate/Pipeline/Pipeline::carry():158}:159}()
#22 C:/Users/HP/Desktop/lp/regional-crm/vendor/laravel/framework/src/Illuminate/Pipeline/Pipeline.php(183): Illuminate/Foundation/Http/Middleware/VerifyCsrfToken->handle()
#23 C:/Users/HP/Desktop/lp/regional-crm/vendor/laravel/framework/src/Illuminate/View/Middleware/ShareErrorsFromSession.php(49): Illuminate/Pipeline/Pipeline->{closure:{closure:Illuminate/Pipeline/Pipeline::carry():158}:159}()
#24 C:/Users/HP/Desktop/lp/regional-crm/vendor/laravel/framework/src/Illuminate/Pipeline/Pipeline.php(183): Illuminate/View/Middleware/ShareErrorsFromSession->handle()
#25 C:/Users/HP/Desktop/lp/regional-crm/vendor/laravel/framework/src/Illuminate/Session/Middleware/StartSession.php(121): Illuminate/Pipeline/Pipeline->{closure:{closure:Illuminate/Pipeline/Pipeline::carry():158}:159}()
#26 C:/Users/HP/Desktop/lp/regional-crm/vendor/laravel/framework/src/Illuminate/Session/Middleware/StartSession.php(64): Illuminate/Session/Middleware/StartSession->handleStatefulRequest()
#27 C:/Users/HP/Desktop/lp/regional-crm/vendor/laravel/framework/src/Illuminate/Pipeline/Pipeline.php(183): Illuminate/Session/Middleware/StartSession->handle()
#28 C:/Users/HP/Desktop/lp/regional-crm/vendor/laravel/framework/src/Illuminate/Cookie/Middleware/AddQueuedCookiesToResponse.php(37): Illuminate/Pipeline/Pipeline->{closure:{closure:Illuminate/Pipeline/Pipeline::carry():158}:159}()
#29 C:/Users/HP/Desktop/lp/regional-crm/vendor/laravel/framework/src/Illuminate/Pipeline/Pipeline.php(183): Illuminate/Cookie/Middleware/AddQueuedCookiesToResponse->handle()
#30 C:/Users/HP/Desktop/lp/regional-crm/vendor/laravel/framework/src/Illuminate/Cookie/Middleware/EncryptCookies.php(67): Illuminate/Pipeline/Pipeline->{closure:{closure:Illuminate/Pipeline/Pipeline::carry():158}:159}()
#31 C:/Users/HP/Desktop/lp/regional-crm/vendor/laravel/framework/src/Illuminate/Pipeline/Pipeline.php(183): Illuminate/Cookie/Middleware/EncryptCookies->handle()
#32 C:/Users/HP/Desktop/lp/regional-crm/vendor/laravel/framework/src/Illuminate/Pipeline/Pipeline.php(119): Illuminate/Pipeline/Pipeline->{closure:{closure:Illuminate/Pipeline/Pipeline::carry():158}:159}()
#33 C:/Users/HP/Desktop/lp/regional-crm/vendor/laravel/framework/src/Illuminate/Routing/Router.php(805): Illuminate/Pipeline/Pipeline->then()
#34 C:/Users/HP/Desktop/lp/regional-crm/vendor/laravel/framework/src/Illuminate/Routing/Router.php(784): Illuminate/Routing/Router->runRouteWithinStack()
#35 C:/Users/HP/Desktop/lp/regional-crm/vendor/laravel/framework/src/Illuminate/Routing/Router.php(748): Illuminate/Routing/Router->runRoute()
#36 C:/Users/HP/Desktop/lp/regional-crm/vendor/laravel/framework/src/Illuminate/Routing/Router.php(737): Illuminate/Routing/Router->dispatchToRoute()
#37 C:/Users/HP/Desktop/lp/regional-crm/vendor/laravel/framework/src/Illuminate/Foundation/Http/Kernel.php(200): Illuminate/Routing/Router->dispatch()
#38 C:/Users/HP/Desktop/lp/regional-crm/vendor/laravel/framework/src/Illuminate/Pipeline/Pipeline.php(144): Illuminate/Foundation/Http/Kernel->{closure:Illuminate/Foundation/Http/Kernel::dispatchToRouter():197}()
#39 C:/Users/HP/Desktop/lp/regional-crm/vendor/laravel/framework/src/Illuminate/Foundation/Http/Middleware/TransformsRequest.php(21): Illuminate/Pipeline/Pipeline->{closure:Illuminate/Pipeline/Pipeline::prepareDestination():142}()
#40 C:/Users/HP/Desktop/lp/regional-crm/vendor/laravel/framework/src/Illuminate/Foundation/Http/Middleware/ConvertEmptyStringsToNull.php(31): Illuminate/Foundation/Http/Middleware/TransformsRequest->handle()
#41 C:/Users/HP/Desktop/lp/regional-crm/vendor/laravel/framework/src/Illuminate/Pipeline/Pipeline.php(183): Illuminate/Foundation/Http/Middleware/ConvertEmptyStringsToNull->handle()
#42 C:/Users/HP/Desktop/lp/regional-crm/vendor/laravel/framework/src/Illuminate/Foundation/Http/Middleware/TransformsRequest.php(21): Illuminate/Pipeline/Pipeline->{closure:{closure:Illuminate/Pipeline/Pipeline::carry():158}:159}()
#43 C:/Users/HP/Desktop/lp/regional-crm/vendor/laravel/framework/src/Illuminate/Foundation/Http/Middleware/TrimStrings.php(40): Illuminate/Foundation/Http/Middleware/TransformsRequest->handle()
#44 C:/Users/HP/Desktop/lp/regional-crm/vendor/laravel/framework/src/Illuminate/Pipeline/Pipeline.php(183): Illuminate/Foundation/Http/Middleware/TrimStrings->handle()
#45 C:/Users/HP/Desktop/lp/regional-crm/vendor/laravel/framework/src/Illuminate/Foundation/Http/Middleware/ValidatePostSize.php(27): Illuminate/Pipeline/Pipeline->{closure:{closure:Illuminate/Pipeline/Pipeline::carry():158}:159}()
#46 C:/Users/HP/Desktop/lp/regional-crm/vendor/laravel/framework/src/Illuminate/Pipeline/Pipeline.php(183): Illuminate/Foundation/Http/Middleware/ValidatePostSize->handle()
#47 C:/Users/HP/Desktop/lp/regional-crm/vendor/laravel/framework/src/Illuminate/Foundation/Http/Middleware/PreventRequestsDuringMaintenance.php(99): Illuminate/Pipeline/Pipeline->{closure:{closure:Illuminate/Pipeline/Pipeline::carry():158}:159}()
#48 C:/Users/HP/Desktop/lp/regional-crm/vendor/laravel/framework/src/Illuminate/Pipeline/Pipeline.php(183): Illuminate/Foundation/Http/Middleware/PreventRequestsDuringMaintenance->handle()
#49 C:/Users/HP/Desktop/lp/regional-crm/vendor/laravel/framework/src/Illuminate/Http/Middleware/HandleCors.php(49): Illuminate/Pipeline/Pipeline->{closure:{closure:Illuminate/Pipeline/Pipeline::carry():158}:159}()
#50 C:/Users/HP/Desktop/lp/regional-crm/vendor/laravel/framework/src/Illuminate/Pipeline/Pipeline.php(183): Illuminate/Http/Middleware/HandleCors->handle()
#51 C:/Users/HP/Desktop/lp/regional-crm/vendor/laravel/framework/src/Illuminate/Http/Middleware/TrustProxies.php(39): Illuminate/Pipeline/Pipeline->{closure:{closure:Illuminate/Pipeline/Pipeline::carry():158}:159}()
#52 C:/Users/HP/Desktop/lp/regional-crm/vendor/laravel/framework/src/Illuminate/Pipeline/Pipeline.php(183): Illuminate/Http/Middleware/TrustProxies->handle()
#53 C:/Users/HP/Desktop/lp/regional-crm/vendor/laravel/framework/src/Illuminate/Pipeline/Pipeline.php(119): Illuminate/Pipeline/Pipeline->{closure:{closure:Illuminate/Pipeline/Pipeline::carry():158}:159}()
#54 C:/Users/HP/Desktop/lp/regional-crm/vendor/laravel/framework/src/Illuminate/Foundation/Http/Kernel.php(175): Illuminate/Pipeline/Pipeline->then()
#55 C:/Users/HP/Desktop/lp/regional-crm/vendor/laravel/framework/src/Illuminate/Foundation/Http/Kernel.php(144): Illuminate/Foundation/Http/Kernel->sendRequestThroughRouter()
#56 C:/Users/HP/Desktop/lp/regional-crm/public/index.php(18): Illuminate/Foundation/Http/Kernel->handle()
#57 C:/Users/HP/Desktop/lp/regional-crm/vendor/laravel/framework/src/Illuminate/Foundation/resources/server.php(16): require_once('...')
#58 {main}

[previous exception] [object] (PDOException(code: HY000): SQLSTATE[HY000]: General error: 1 no such function: DATE_FORMAT at C:/Users/HP/Desktop/lp/regional-crm/vendor/laravel/framework/src/Illuminate/Database/Connection.php:423)
[stacktrace]
#0 C:/Users/HP/Desktop/lp/regional-crm/vendor/laravel/framework/src/Illuminate/Database/Connection.php(423): PDO->prepare()
#1 C:/Users/HP/Desktop/lp/regional-crm/vendor/laravel/framework/src/Illuminate/Database/Connection.php(816): Illuminate/Database/Connection->{closure:Illuminate/Database/Connection::select():414}()
#2 C:/Users/HP/Desktop/lp/regional-crm/vendor/laravel/framework/src/Illuminate/Database/Connection.php(783): Illuminate/Database/Connection->runQueryCallback()
#3 C:/Users/HP/Desktop/lp/regional-crm/vendor/laravel/framework/src/Illuminate/Database/Connection.php(414): Illuminate/Database/Connection->run()
#4 C:/Users/HP/Desktop/lp/regional-crm/vendor/laravel/framework/src/Illuminate/Database/Query/Builder.php(2913): Illuminate/Database/Connection->select()
#5 C:/Users/HP/Desktop/lp/regional-crm/vendor/laravel/framework/src/Illuminate/Database/Query/Builder.php(2902): Illuminate/Database/Query/Builder->runSelect()
#6 C:/Users/HP/Desktop/lp/regional-crm/vendor/laravel/framework/src/Illuminate/Database/Query/Builder.php(3456): Illuminate/Database/Query/Builder->{closure:Illuminate/Database/Query/Builder::get():2901}()
#7 C:/Users/HP/Desktop/lp/regional-crm/vendor/laravel/framework/src/Illuminate/Database/Query/Builder.php(2901): Illuminate/Database/Query/Builder->onceWithColumns()
#8 C:/Users/HP/Desktop/lp/regional-crm/vendor/laravel/framework/src/Illuminate/Database/Eloquent/Builder.php(739): Illuminate/Database/Query/Builder->get()
#9 C:/Users/HP/Desktop/lp/regional-crm/vendor/laravel/framework/src/Illuminate/Database/Eloquent/Builder.php(723): Illuminate/Database/Eloquent/Builder->getModels()
#10 C:/Users/HP/Desktop/lp/regional-crm/app/Http/Controllers/ReportController.php(30): Illuminate/Database/Eloquent/Builder->get()
#11 C:/Users/HP/Desktop/lp/regional-crm/vendor/laravel/framework/src/Illuminate/Routing/Controller.php(54): App/Http/Controllers/ReportController->index()
#12 C:/Users/HP/Desktop/lp/regional-crm/vendor/laravel/framework/src/Illuminate/Routing/ControllerDispatcher.php(43): Illuminate/Routing/Controller->callAction()
#13 C:/Users/HP/Desktop/lp/regional-crm/vendor/laravel/framework/src/Illuminate/Routing/Route.php(259): Illuminate/Routing/ControllerDispatcher->dispatch()
#14 C:/Users/HP/Desktop/lp/regional-crm/vendor/laravel/framework/src/Illuminate/Routing/Route.php(205): Illuminate/Routing/Route->runController()
#15 C:/Users/HP/Desktop/lp/regional-crm/vendor/laravel/framework/src/Illuminate/Routing/Router.php(806): Illuminate/Routing/Route->run()
#16 C:/Users/HP/Desktop/lp/regional-crm/vendor/laravel/framework/src/Illuminate/Pipeline/Pipeline.php(144): Illuminate/Routing/Router->{closure:Illuminate/Routing/Router::runRouteWithinStack():805}()
#17 C:/Users/HP/Desktop/lp/regional-crm/app/Http/Middleware/LocaleMiddleware.php(26): Illuminate/Pipeline/Pipeline->{closure:Illuminate/Pipeline/Pipeline::prepareDestination():142}()
#18 C:/Users/HP/Desktop/lp/regional-crm/vendor/laravel/framework/src/Illuminate/Pipeline/Pipeline.php(183): App/Http/Middleware/LocaleMiddleware->handle()
#19 C:/Users/HP/Desktop/lp/regional-crm/vendor/laravel/framework/src/Illuminate/Routing/Middleware/SubstituteBindings.php(50): Illuminate/Pipeline/Pipeline->{closure:{closure:Illuminate/Pipeline/Pipeline::carry():158}:159}()
#20 C:/Users/HP/Desktop/lp/regional-crm/vendor/laravel/framework/src/Illuminate/Pipeline/Pipeline.php(183): Illuminate/Routing/Middleware/SubstituteBindings->handle()
#21 C:/Users/HP/Desktop/lp/regional-crm/vendor/laravel/framework/src/Illuminate/Auth/Middleware/Authenticate.php(57): Illuminate/Pipeline/Pipeline->{closure:{closure:Illuminate/Pipeline/Pipeline::carry():158}:159}()
#22 C:/Users/HP/Desktop/lp/regional-crm/vendor/laravel/framework/src/Illuminate/Pipeline/Pipeline.php(183): Illuminate/Auth/Middleware/Authenticate->handle()
#23 C:/Users/HP/Desktop/lp/regional-crm/vendor/laravel/framework/src/Illuminate/Foundation/Http/Middleware/VerifyCsrfToken.php(78): Illuminate/Pipeline/Pipeline->{closure:{closure:Illuminate/Pipeline/Pipeline::carry():158}:159}()
#24 C:/Users/HP/Desktop/lp/regional-crm/vendor/laravel/framework/src/Illuminate/Pipeline/Pipeline.php(183): Illuminate/Foundation/Http/Middleware/VerifyCsrfToken->handle()
#25 C:/Users/HP/Desktop/lp/regional-crm/vendor/laravel/framework/src/Illuminate/View/Middleware/ShareErrorsFromSession.php(49): Illuminate/Pipeline/Pipeline->{closure:{closure:Illuminate/Pipeline/Pipeline::carry():158}:159}()
#26 C:/Users/HP/Desktop/lp/regional-crm/vendor/laravel/framework/src/Illuminate/Pipeline/Pipeline.php(183): Illuminate/View/Middleware/ShareErrorsFromSession->handle()
#27 C:/Users/HP/Desktop/lp/regional-crm/vendor/laravel/framework/src/Illuminate/Session/Middleware/StartSession.php(121): Illuminate/Pipeline/Pipeline->{closure:{closure:Illuminate/Pipeline/Pipeline::carry():158}:159}()
#28 C:/Users/HP/Desktop/lp/regional-crm/vendor/laravel/framework/src/Illuminate/Session/Middleware/StartSession.php(64): Illuminate/Session/Middleware/StartSession->handleStatefulRequest()
#29 C:/Users/HP/Desktop/lp/regional-crm/vendor/laravel/framework/src/Illuminate/Pipeline/Pipeline.php(183): Illuminate/Session/Middleware/StartSession->handle()
#30 C:/Users/HP/Desktop/lp/regional-crm/vendor/laravel/framework/src/Illuminate/Cookie/Middleware/AddQueuedCookiesToResponse.php(37): Illuminate/Pipeline/Pipeline->{closure:{closure:Illuminate/Pipeline/Pipeline::carry():158}:159}()
#31 C:/Users/HP/Desktop/lp/regional-crm/vendor/laravel/framework/src/Illuminate/Pipeline/Pipeline.php(183): Illuminate/Cookie/Middleware/AddQueuedCookiesToResponse->handle()
#32 C:/Users/HP/Desktop/lp/regional-crm/vendor/laravel/framework/src/Illuminate/Cookie/Middleware/EncryptCookies.php(67): Illuminate/Pipeline/Pipeline->{closure:{closure:Illuminate/Pipeline/Pipeline::carry():158}:159}()
#33 C:/Users/HP/Desktop/lp/regional-crm/vendor/laravel/framework/src/Illuminate/Pipeline/Pipeline.php(183): Illuminate/Cookie/Middleware/EncryptCookies->handle()
#34 C:/Users/HP/Desktop/lp/regional-crm/vendor/laravel/framework/src/Illuminate/Pipeline/Pipeline.php(119): Illuminate/Pipeline/Pipeline->{closure:{closure:Illuminate/Pipeline/Pipeline::carry():158}:159}()
#35 C:/Users/HP/Desktop/lp/regional-crm/vendor/laravel/framework/src/Illuminate/Routing/Router.php(805): Illuminate/Pipeline/Pipeline->then()
#36 C:/Users/HP/Desktop/lp/regional-crm/vendor/laravel/framework/src/Illuminate/Routing/Router.php(784): Illuminate/Routing/Router->runRouteWithinStack()
#37 C:/Users/HP/Desktop/lp/regional-crm/vendor/laravel/framework/src/Illuminate/Routing/Router.php(748): Illuminate/Routing/Router->runRoute()
#38 C:/Users/HP/Desktop/lp/regional-crm/vendor/laravel/framework/src/Illuminate/Routing/Router.php(737): Illuminate/Routing/Router->dispatchToRoute()
#39 C:/Users/HP/Desktop/lp/regional-crm/vendor/laravel/framework/src/Illuminate/Foundation/Http/Kernel.php(200): Illuminate/Routing/Router->dispatch()
#40 C:/Users/HP/Desktop/lp/regional-crm/vendor/laravel/framework/src/Illuminate/Pipeline/Pipeline.php(144): Illuminate/Foundation/Http/Kernel->{closure:Illuminate/Foundation/Http/Kernel::dispatchToRouter():197}()
#41 C:/Users/HP/Desktop/lp/regional-crm/vendor/laravel/framework/src/Illuminate/Foundation/Http/Middleware/TransformsRequest.php(21): Illuminate/Pipeline/Pipeline->{closure:Illuminate/Pipeline/Pipeline::prepareDestination():142}()
#42 C:/Users/HP/Desktop/lp/regional-crm/vendor/laravel/framework/src/Illuminate/Foundation/Http/Middleware/ConvertEmptyStringsToNull.php(31): Illuminate/Foundation/Http/Middleware/TransformsRequest->handle()
#43 C:/Users/HP/Desktop/lp/regional-crm/vendor/laravel/framework/src/Illuminate/Pipeline/Pipeline.php(183): Illuminate/Foundation/Http/Middleware/ConvertEmptyStringsToNull->handle()
#44 C:/Users/HP/Desktop/lp/regional-crm/vendor/laravel/framework/src/Illuminate/Foundation/Http/Middleware/TransformsRequest.php(21): Illuminate/Pipeline/Pipeline->{closure:{closure:Illuminate/Pipeline/Pipeline::carry():158}:159}()
#45 C:/Users/HP/Desktop/lp/regional-crm/vendor/laravel/framework/src/Illuminate/Foundation/Http/Middleware/TrimStrings.php(40): Illuminate/Foundation/Http/Middleware/TransformsRequest->handle()
#46 C:/Users/HP/Desktop/lp/regional-crm/vendor/laravel/framework/src/Illuminate/Pipeline/Pipeline.php(183): Illuminate/Foundation/Http/Middleware/TrimStrings->handle()
#47 C:/Users/HP/Desktop/lp/regional-crm/vendor/laravel/framework/src/Illuminate/Foundation/Http/Middleware/ValidatePostSize.php(27): Illuminate/Pipeline/Pipeline->{closure:{closure:Illuminate/Pipeline/Pipeline::carry():158}:159}()
#48 C:/Users/HP/Desktop/lp/regional-crm/vendor/laravel/framework/src/Illuminate/Pipeline/Pipeline.php(183): Illuminate/Foundation/Http/Middleware/ValidatePostSize->handle()
#49 C:/Users/HP/Desktop/lp/regional-crm/vendor/laravel/framework/src/Illuminate/Foundation/Http/Middleware/PreventRequestsDuringMaintenance.php(99): Illuminate/Pipeline/Pipeline->{closure:{closure:Illuminate/Pipeline/Pipeline::carry():158}:159}()
#50 C:/Users/HP/Desktop/lp/regional-crm/vendor/laravel/framework/src/Illuminate/Pipeline/Pipeline.php(183): Illuminate/Foundation/Http/Middleware/PreventRequestsDuringMaintenance->handle()
#51 C:/Users/HP/Desktop/lp/regional-crm/vendor/laravel/framework/src/Illuminate/Http/Middleware/HandleCors.php(49): Illuminate/Pipeline/Pipeline->{closure:{closure:Illuminate/Pipeline/Pipeline::carry():158}:159}()
#52 C:/Users/HP/Desktop/lp/regional-crm/vendor/laravel/framework/src/Illuminate/Pipeline/Pipeline.php(183): Illuminate/Http/Middleware/HandleCors->handle()
#53 C:/Users/HP/Desktop/lp/regional-crm/vendor/laravel/framework/src/Illuminate/Http/Middleware/TrustProxies.php(39): Illuminate/Pipeline/Pipeline->{closure:{closure:Illuminate/Pipeline/Pipeline::carry():158}:159}()
#54 C:/Users/HP/Desktop/lp/regional-crm/vendor/laravel/framework/src/Illuminate/Pipeline/Pipeline.php(183): Illuminate/Http/Middleware/TrustProxies->handle()
#55 C:/Users/HP/Desktop/lp/regional-crm/vendor/laravel/framework/src/Illuminate/Pipeline/Pipeline.php(119): Illuminate/Pipeline/Pipeline->{closure:{closure:Illuminate/Pipeline/Pipeline::carry():158}:159}()
#56 C:/Users/HP/Desktop/lp/regional-crm/vendor/laravel/framework/src/Illuminate/Foundation/Http/Kernel.php(175): Illuminate/Pipeline/Pipeline->then()
#57 C:/Users/HP/Desktop/lp/regional-crm/vendor/laravel/framework/src/Illuminate/Foundation/Http/Kernel.php(144): Illuminate/Foundation/Http/Kernel->sendRequestThroughRouter()
#58 C:/Users/HP/Desktop/lp/regional-crm/public/index.php(18): Illuminate/Foundation/Http/Kernel->handle()
#59 C:/Users/HP/Desktop/lp/regional-crm/vendor/laravel/framework/src/Illuminate/Foundation/resources/server.php(16): require_once('...')
#60 {main}
"} 
[2026-05-12 23:21:30] local.ERROR: SQLSTATE[23000]: Integrity constraint violation: 19 NOT NULL constraint failed: deals.value (Connection: sqlite, SQL: insert into "deals" ("title", "value", "currency", "stage", "probability", "expected_close_date", "description", "customer_id", "assigned_to", "created_by", "status", "updated_at", "created_at") values (aaaaaa, ?, INR, prospecting, 20, ?, ?, ?, ?, 5, open, 2026-05-12 23:21:30, 2026-05-12 23:21:30)) {"userId":5,"exception":"[object] (Illuminate\\Database\\QueryException(code: 23000): SQLSTATE[23000]: Integrity constraint violation: 19 NOT NULL constraint failed: deals.value (Connection: sqlite, SQL: insert into \"deals\" (\"title\", \"value\", \"currency\", \"stage\", \"probability\", \"expected_close_date\", \"description\", \"customer_id\", \"assigned_to\", \"created_by\", \"status\", \"updated_at\", \"created_at\") values (aaaaaa, ?, INR, prospecting, 20, ?, ?, ?, ?, 5, open, 2026-05-12 23:21:30, 2026-05-12 23:21:30)) at C:/Users/HP/Desktop/lp/regional-crm/vendor/laravel/framework/src/Illuminate/Database/Connection.php:829)
[stacktrace]
#0 C:/Users/HP/Desktop/lp/regional-crm/vendor/laravel/framework/src/Illuminate/Database/Connection.php(783): Illuminate/Database/Connection->runQueryCallback()
#1 C:/Users/HP/Desktop/lp/regional-crm/vendor/laravel/framework/src/Illuminate/Database/Connection.php(576): Illuminate/Database/Connection->run()
#2 C:/Users/HP/Desktop/lp/regional-crm/vendor/laravel/framework/src/Illuminate/Database/Connection.php(540): Illuminate/Database/Connection->statement()
#3 C:/Users/HP/Desktop/lp/regional-crm/vendor/laravel/framework/src/Illuminate/Database/Query/Processors/Processor.php(32): Illuminate/Database/Connection->insert()
#4 C:/Users/HP/Desktop/lp/regional-crm/vendor/laravel/framework/src/Illuminate/Database/Query/Builder.php(3549): Illuminate/Database/Query/Processors/Processor->processInsertGetId()
#5 C:/Users/HP/Desktop/lp/regional-crm/vendor/laravel/framework/src/Illuminate/Database/Eloquent/Builder.php(1982): Illuminate/Database/Query/Builder->insertGetId()
#6 C:/Users/HP/Desktop/lp/regional-crm/vendor/laravel/framework/src/Illuminate/Database/Eloquent/Model.php(1334): Illuminate/Database/Eloquent/Builder->__call()
#7 C:/Users/HP/Desktop/lp/regional-crm/vendor/laravel/framework/src/Illuminate/Database/Eloquent/Model.php(1299): Illuminate/Database/Eloquent/Model->insertAndSetId()
#8 C:/Users/HP/Desktop/lp/regional-crm/vendor/laravel/framework/src/Illuminate/Database/Eloquent/Model.php(1138): Illuminate/Database/Eloquent/Model->performInsert()
#9 C:/Users/HP/Desktop/lp/regional-crm/vendor/laravel/framework/src/Illuminate/Database/Eloquent/Builder.php(1025): Illuminate/Database/Eloquent/Model->save()
#10 C:/Users/HP/Desktop/lp/regional-crm/vendor/laravel/framework/src/Illuminate/Support/helpers.php(320): Illuminate/Database/Eloquent/Builder->{closure:Illuminate/Database/Eloquent/Builder::create():1024}()
#11 C:/Users/HP/Desktop/lp/regional-crm/vendor/laravel/framework/src/Illuminate/Database/Eloquent/Builder.php(1024): tap()
#12 C:/Users/HP/Desktop/lp/regional-crm/vendor/laravel/framework/src/Illuminate/Support/Traits/ForwardsCalls.php(23): Illuminate/Database/Eloquent/Builder->create()
#13 C:/Users/HP/Desktop/lp/regional-crm/vendor/laravel/framework/src/Illuminate/Database/Eloquent/Model.php(2335): Illuminate/Database/Eloquent/Model->forwardCallTo()
#14 C:/Users/HP/Desktop/lp/regional-crm/vendor/laravel/framework/src/Illuminate/Database/Eloquent/Model.php(2347): Illuminate/Database/Eloquent/Model->__call()
#15 C:/Users/HP/Desktop/lp/regional-crm/app/Http/Controllers/DealController.php(46): Illuminate/Database/Eloquent/Model::__callStatic()
#16 C:/Users/HP/Desktop/lp/regional-crm/vendor/laravel/framework/src/Illuminate/Routing/Controller.php(54): App/Http/Controllers/DealController->store()
#17 C:/Users/HP/Desktop/lp/regional-crm/vendor/laravel/framework/src/Illuminate/Routing/ControllerDispatcher.php(43): Illuminate/Routing/Controller->callAction()
#18 C:/Users/HP/Desktop/lp/regional-crm/vendor/laravel/framework/src/Illuminate/Routing/Route.php(259): Illuminate/Routing/ControllerDispatcher->dispatch()
#19 C:/Users/HP/Desktop/lp/regional-crm/vendor/laravel/framework/src/Illuminate/Routing/Route.php(205): Illuminate/Routing/Route->runController()
#20 C:/Users/HP/Desktop/lp/regional-crm/vendor/laravel/framework/src/Illuminate/Routing/Router.php(806): Illuminate/Routing/Route->run()
#21 C:/Users/HP/Desktop/lp/regional-crm/vendor/laravel/framework/src/Illuminate/Pipeline/Pipeline.php(144): Illuminate/Routing/Router->{closure:Illuminate/Routing/Router::runRouteWithinStack():805}()
#22 C:/Users/HP/Desktop/lp/regional-crm/app/Http/Middleware/LocaleMiddleware.php(26): Illuminate/Pipeline/Pipeline->{closure:Illuminate/Pipeline/Pipeline::prepareDestination():142}()
#23 C:/Users/HP/Desktop/lp/regional-crm/vendor/laravel/framework/src/Illuminate/Pipeline/Pipeline.php(183): App/Http/Middleware/LocaleMiddleware->handle()
#24 C:/Users/HP/Desktop/lp/regional-crm/vendor/laravel/framework/src/Illuminate/Routing/Middleware/SubstituteBindings.php(50): Illuminate/Pipeline/Pipeline->{closure:{closure:Illuminate/Pipeline/Pipeline::carry():158}:159}()
#25 C:/Users/HP/Desktop/lp/regional-crm/vendor/laravel/framework/src/Illuminate/Pipeline/Pipeline.php(183): Illuminate/Routing/Middleware/SubstituteBindings->handle()
#26 C:/Users/HP/Desktop/lp/regional-crm/vendor/laravel/framework/src/Illuminate/Auth/Middleware/Authenticate.php(57): Illuminate/Pipeline/Pipeline->{closure:{closure:Illuminate/Pipeline/Pipeline::carry():158}:159}()
#27 C:/Users/HP/Desktop/lp/regional-crm/vendor/laravel/framework/src/Illuminate/Pipeline/Pipeline.php(183): Illuminate/Auth/Middleware/Authenticate->handle()
#28 C:/Users/HP/Desktop/lp/regional-crm/vendor/laravel/framework/src/Illuminate/Foundation/Http/Middleware/VerifyCsrfToken.php(78): Illuminate/Pipeline/Pipeline->{closure:{closure:Illuminate/Pipeline/Pipeline::carry():158}:159}()
#29 C:/Users/HP/Desktop/lp/regional-crm/vendor/laravel/framework/src/Illuminate/Pipeline/Pipeline.php(183): Illuminate/Foundation/Http/Middleware/VerifyCsrfToken->handle()
#30 C:/Users/HP/Desktop/lp/regional-crm/vendor/laravel/framework/src/Illuminate/View/Middleware/ShareErrorsFromSession.php(49): Illuminate/Pipeline/Pipeline->{closure:{closure:Illuminate/Pipeline/Pipeline::carry():158}:159}()
#31 C:/Users/HP/Desktop/lp/regional-crm/vendor/laravel/framework/src/Illuminate/Pipeline/Pipeline.php(183): Illuminate/View/Middleware/ShareErrorsFromSession->handle()
#32 C:/Users/HP/Desktop/lp/regional-crm/vendor/laravel/framework/src/Illuminate/Session/Middleware/StartSession.php(121): Illuminate/Pipeline/Pipeline->{closure:{closure:Illuminate/Pipeline/Pipeline::carry():158}:159}()
#33 C:/Users/HP/Desktop/lp/regional-crm/vendor/laravel/framework/src/Illuminate/Session/Middleware/StartSession.php(64): Illuminate/Session/Middleware/StartSession->handleStatefulRequest()
#34 C:/Users/HP/Desktop/lp/regional-crm/vendor/laravel/framework/src/Illuminate/Pipeline/Pipeline.php(183): Illuminate/Session/Middleware/StartSession->handle()
#35 C:/Users/HP/Desktop/lp/regional-crm/vendor/laravel/framework/src/Illuminate/Cookie/Middleware/AddQueuedCookiesToResponse.php(37): Illuminate/Pipeline/Pipeline->{closure:{closure:Illuminate/Pipeline/Pipeline::carry():158}:159}()
#36 C:/Users/HP/Desktop/lp/regional-crm/vendor/laravel/framework/src/Illuminate/Pipeline/Pipeline.php(183): Illuminate/Cookie/Middleware/AddQueuedCookiesToResponse->handle()
#37 C:/Users/HP/Desktop/lp/regional-crm/vendor/laravel/framework/src/Illuminate/Cookie/Middleware/EncryptCookies.php(67): Illuminate/Pipeline/Pipeline->{closure:{closure:Illuminate/Pipeline/Pipeline::carry():158}:159}()
#38 C:/Users/HP/Desktop/lp/regional-crm/vendor/laravel/framework/src/Illuminate/Pipeline/Pipeline.php(183): Illuminate/Cookie/Middleware/EncryptCookies->handle()
#39 C:/Users/HP/Desktop/lp/regional-crm/vendor/laravel/framework/src/Illuminate/Pipeline/Pipeline.php(119): Illuminate/Pipeline/Pipeline->{closure:{closure:Illuminate/Pipeline/Pipeline::carry():158}:159}()
#40 C:/Users/HP/Desktop/lp/regional-crm/vendor/laravel/framework/src/Illuminate/Routing/Router.php(805): Illuminate/Pipeline/Pipeline->then()
#41 C:/Users/HP/Desktop/lp/regional-crm/vendor/laravel/framework/src/Illuminate/Routing/Router.php(784): Illuminate/Routing/Router->runRouteWithinStack()
#42 C:/Users/HP/Desktop/lp/regional-crm/vendor/laravel/framework/src/Illuminate/Routing/Router.php(748): Illuminate/Routing/Router->runRoute()
#43 C:/Users/HP/Desktop/lp/regional-crm/vendor/laravel/framework/src/Illuminate/Routing/Router.php(737): Illuminate/Routing/Router->dispatchToRoute()
#44 C:/Users/HP/Desktop/lp/regional-crm/vendor/laravel/framework/src/Illuminate/Foundation/Http/Kernel.php(200): Illuminate/Routing/Router->dispatch()
#45 C:/Users/HP/Desktop/lp/regional-crm/vendor/laravel/framework/src/Illuminate/Pipeline/Pipeline.php(144): Illuminate/Foundation/Http/Kernel->{closure:Illuminate/Foundation/Http/Kernel::dispatchToRouter():197}()
#46 C:/Users/HP/Desktop/lp/regional-crm/vendor/laravel/framework/src/Illuminate/Foundation/Http/Middleware/TransformsRequest.php(21): Illuminate/Pipeline/Pipeline->{closure:Illuminate/Pipeline/Pipeline::prepareDestination():142}()
#47 C:/Users/HP/Desktop/lp/regional-crm/vendor/laravel/framework/src/Illuminate/Foundation/Http/Middleware/ConvertEmptyStringsToNull.php(31): Illuminate/Foundation/Http/Middleware/TransformsRequest->handle()
#48 C:/Users/HP/Desktop/lp/regional-crm/vendor/laravel/framework/src/Illuminate/Pipeline/Pipeline.php(183): Illuminate/Foundation/Http/Middleware/ConvertEmptyStringsToNull->handle()
#49 C:/Users/HP/Desktop/lp/regional-crm/vendor/laravel/framework/src/Illuminate/Foundation/Http/Middleware/TransformsRequest.php(21): Illuminate/Pipeline/Pipeline->{closure:{closure:Illuminate/Pipeline/Pipeline::carry():158}:159}()
#50 C:/Users/HP/Desktop/lp/regional-crm/vendor/laravel/framework/src/Illuminate/Foundation/Http/Middleware/TrimStrings.php(40): Illuminate/Foundation/Http/Middleware/TransformsRequest->handle()
#51 C:/Users/HP/Desktop/lp/regional-crm/vendor/laravel/framework/src/Illuminate/Pipeline/Pipeline.php(183): Illuminate/Foundation/Http/Middleware/TrimStrings->handle()
#52 C:/Users/HP/Desktop/lp/regional-crm/vendor/laravel/framework/src/Illuminate/Foundation/Http/Middleware/ValidatePostSize.php(27): Illuminate/Pipeline/Pipeline->{closure:{closure:Illuminate/Pipeline/Pipeline::carry():158}:159}()
#53 C:/Users/HP/Desktop/lp/regional-crm/vendor/laravel/framework/src/Illuminate/Pipeline/Pipeline.php(183): Illuminate/Foundation/Http/Middleware/ValidatePostSize->handle()
#54 C:/Users/HP/Desktop/lp/regional-crm/vendor/laravel/framework/src/Illuminate/Foundation/Http/Middleware/PreventRequestsDuringMaintenance.php(99): Illuminate/Pipeline/Pipeline->{closure:{closure:Illuminate/Pipeline/Pipeline::carry():158}:159}()
#55 C:/Users/HP/Desktop/lp/regional-crm/vendor/laravel/framework/src/Illuminate/Pipeline/Pipeline.php(183): Illuminate/Foundation/Http/Middleware/PreventRequestsDuringMaintenance->handle()
#56 C:/Users/HP/Desktop/lp/regional-crm/vendor/laravel/framework/src/Illuminate/Http/Middleware/HandleCors.php(49): Illuminate/Pipeline/Pipeline->{closure:{closure:Illuminate/Pipeline/Pipeline::carry():158}:159}()
#57 C:/Users/HP/Desktop/lp/regional-crm/vendor/laravel/framework/src/Illuminate/Pipeline/Pipeline.php(183): Illuminate/Http/Middleware/HandleCors->handle()
#58 C:/Users/HP/Desktop/lp/regional-crm/vendor/laravel/framework/src/Illuminate/Http/Middleware/TrustProxies.php(39): Illuminate/Pipeline/Pipeline->{closure:{closure:Illuminate/Pipeline/Pipeline::carry():158}:159}()
#59 C:/Users/HP/Desktop/lp/regional-crm/vendor/laravel/framework/src/Illuminate/Pipeline/Pipeline.php(183): Illuminate/Http/Middleware/TrustProxies->handle()
#60 C:/Users/HP/Desktop/lp/regional-crm/vendor/laravel/framework/src/Illuminate/Pipeline/Pipeline.php(119): Illuminate/Pipeline/Pipeline->{closure:{closure:Illuminate/Pipeline/Pipeline::carry():158}:159}()
#61 C:/Users/HP/Desktop/lp/regional-crm/vendor/laravel/framework/src/Illuminate/Foundation/Http/Kernel.php(175): Illuminate/Pipeline/Pipeline->then()
#62 C:/Users/HP/Desktop/lp/regional-crm/vendor/laravel/framework/src/Illuminate/Foundation/Http/Kernel.php(144): Illuminate/Foundation/Http/Kernel->sendRequestThroughRouter()
#63 C:/Users/HP/Desktop/lp/regional-crm/public/index.php(18): Illuminate/Foundation/Http/Kernel->handle()
#64 C:/Users/HP/Desktop/lp/regional-crm/vendor/laravel/framework/src/Illuminate/Foundation/resources/server.php(16): require_once('...')
#65 {main}

[previous exception] [object] (PDOException(code: 23000): SQLSTATE[23000]: Integrity constraint violation: 19 NOT NULL constraint failed: deals.value at C:/Users/HP/Desktop/lp/regional-crm/vendor/laravel/framework/src/Illuminate/Database/Connection.php:587)
[stacktrace]
#0 C:/Users/HP/Desktop/lp/regional-crm/vendor/laravel/framework/src/Illuminate/Database/Connection.php(587): PDOStatement->execute()
#1 C:/Users/HP/Desktop/lp/regional-crm/vendor/laravel/framework/src/Illuminate/Database/Connection.php(816): Illuminate/Database/Connection->{closure:Illuminate/Database/Connection::statement():576}()
#2 C:/Users/HP/Desktop/lp/regional-crm/vendor/laravel/framework/src/Illuminate/Database/Connection.php(783): Illuminate/Database/Connection->runQueryCallback()
#3 C:/Users/HP/Desktop/lp/regional-crm/vendor/laravel/framework/src/Illuminate/Database/Connection.php(576): Illuminate/Database/Connection->run()
#4 C:/Users/HP/Desktop/lp/regional-crm/vendor/laravel/framework/src/Illuminate/Database/Connection.php(540): Illuminate/Database/Connection->statement()
#5 C:/Users/HP/Desktop/lp/regional-crm/vendor/laravel/framework/src/Illuminate/Database/Query/Processors/Processor.php(32): Illuminate/Database/Connection->insert()
#6 C:/Users/HP/Desktop/lp/regional-crm/vendor/laravel/framework/src/Illuminate/Database/Query/Builder.php(3549): Illuminate/Database/Query/Processors/Processor->processInsertGetId()
#7 C:/Users/HP/Desktop/lp/regional-crm/vendor/laravel/framework/src/Illuminate/Database/Eloquent/Builder.php(1982): Illuminate/Database/Query/Builder->insertGetId()
#8 C:/Users/HP/Desktop/lp/regional-crm/vendor/laravel/framework/src/Illuminate/Database/Eloquent/Model.php(1334): Illuminate/Database/Eloquent/Builder->__call()
#9 C:/Users/HP/Desktop/lp/regional-crm/vendor/laravel/framework/src/Illuminate/Database/Eloquent/Model.php(1299): Illuminate/Database/Eloquent/Model->insertAndSetId()
#10 C:/Users/HP/Desktop/lp/regional-crm/vendor/laravel/framework/src/Illuminate/Database/Eloquent/Model.php(1138): Illuminate/Database/Eloquent/Model->performInsert()
#11 C:/Users/HP/Desktop/lp/regional-crm/vendor/laravel/framework/src/Illuminate/Database/Eloquent/Builder.php(1025): Illuminate/Database/Eloquent/Model->save()
#12 C:/Users/HP/Desktop/lp/regional-crm/vendor/laravel/framework/src/Illuminate/Support/helpers.php(320): Illuminate/Database/Eloquent/Builder->{closure:Illuminate/Database/Eloquent/Builder::create():1024}()
#13 C:/Users/HP/Desktop/lp/regional-crm/vendor/laravel/framework/src/Illuminate/Database/Eloquent/Builder.php(1024): tap()
#14 C:/Users/HP/Desktop/lp/regional-crm/vendor/laravel/framework/src/Illuminate/Support/Traits/ForwardsCalls.php(23): Illuminate/Database/Eloquent/Builder->create()
#15 C:/Users/HP/Desktop/lp/regional-crm/vendor/laravel/framework/src/Illuminate/Database/Eloquent/Model.php(2335): Illuminate/Database/Eloquent/Model->forwardCallTo()
#16 C:/Users/HP/Desktop/lp/regional-crm/vendor/laravel/framework/src/Illuminate/Database/Eloquent/Model.php(2347): Illuminate/Database/Eloquent/Model->__call()
#17 C:/Users/HP/Desktop/lp/regional-crm/app/Http/Controllers/DealController.php(46): Illuminate/Database/Eloquent/Model::__callStatic()
#18 C:/Users/HP/Desktop/lp/regional-crm/vendor/laravel/framework/src/Illuminate/Routing/Controller.php(54): App/Http/Controllers/DealController->store()
#19 C:/Users/HP/Desktop/lp/regional-crm/vendor/laravel/framework/src/Illuminate/Routing/ControllerDispatcher.php(43): Illuminate/Routing/Controller->callAction()
#20 C:/Users/HP/Desktop/lp/regional-crm/vendor/laravel/framework/src/Illuminate/Routing/Route.php(259): Illuminate/Routing/ControllerDispatcher->dispatch()
#21 C:/Users/HP/Desktop/lp/regional-crm/vendor/laravel/framework/src/Illuminate/Routing/Route.php(205): Illuminate/Routing/Route->runController()
#22 C:/Users/HP/Desktop/lp/regional-crm/vendor/laravel/framework/src/Illuminate/Routing/Router.php(806): Illuminate/Routing/Route->run()
#23 C:/Users/HP/Desktop/lp/regional-crm/vendor/laravel/framework/src/Illuminate/Pipeline/Pipeline.php(144): Illuminate/Routing/Router->{closure:Illuminate/Routing/Router::runRouteWithinStack():805}()
#24 C:/Users/HP/Desktop/lp/regional-crm/app/Http/Middleware/LocaleMiddleware.php(26): Illuminate/Pipeline/Pipeline->{closure:Illuminate/Pipeline/Pipeline::prepareDestination():142}()
#25 C:/Users/HP/Desktop/lp/regional-crm/vendor/laravel/framework/src/Illuminate/Pipeline/Pipeline.php(183): App/Http/Middleware/LocaleMiddleware->handle()
#26 C:/Users/HP/Desktop/lp/regional-crm/vendor/laravel/framework/src/Illuminate/Routing/Middleware/SubstituteBindings.php(50): Illuminate/Pipeline/Pipeline->{closure:{closure:Illuminate/Pipeline/Pipeline::carry():158}:159}()
#27 C:/Users/HP/Desktop/lp/regional-crm/vendor/laravel/framework/src/Illuminate/Pipeline/Pipeline.php(183): Illuminate/Routing/Middleware/SubstituteBindings->handle()
#28 C:/Users/HP/Desktop/lp/regional-crm/vendor/laravel/framework/src/Illuminate/Auth/Middleware/Authenticate.php(57): Illuminate/Pipeline/Pipeline->{closure:{closure:Illuminate/Pipeline/Pipeline::carry():158}:159}()
#29 C:/Users/HP/Desktop/lp/regional-crm/vendor/laravel/framework/src/Illuminate/Pipeline/Pipeline.php(183): Illuminate/Auth/Middleware/Authenticate->handle()
#30 C:/Users/HP/Desktop/lp/regional-crm/vendor/laravel/framework/src/Illuminate/Foundation/Http/Middleware/VerifyCsrfToken.php(78): Illuminate/Pipeline/Pipeline->{closure:{closure:Illuminate/Pipeline/Pipeline::carry():158}:159}()
#31 C:/Users/HP/Desktop/lp/regional-crm/vendor/laravel/framework/src/Illuminate/Pipeline/Pipeline.php(183): Illuminate/Foundation/Http/Middleware/VerifyCsrfToken->handle()
#32 C:/Users/HP/Desktop/lp/regional-crm/vendor/laravel/framework/src/Illuminate/View/Middleware/ShareErrorsFromSession.php(49): Illuminate/Pipeline/Pipeline->{closure:{closure:Illuminate/Pipeline/Pipeline::carry():158}:159}()
#33 C:/Users/HP/Desktop/lp/regional-crm/vendor/laravel/framework/src/Illuminate/Pipeline/Pipeline.php(183): Illuminate/View/Middleware/ShareErrorsFromSession->handle()
#34 C:/Users/HP/Desktop/lp/regional-crm/vendor/laravel/framework/src/Illuminate/Session/Middleware/StartSession.php(121): Illuminate/Pipeline/Pipeline->{closure:{closure:Illuminate/Pipeline/Pipeline::carry():158}:159}()
#35 C:/Users/HP/Desktop/lp/regional-crm/vendor/laravel/framework/src/Illuminate/Session/Middleware/StartSession.php(64): Illuminate/Session/Middleware/StartSession->handleStatefulRequest()
#36 C:/Users/HP/Desktop/lp/regional-crm/vendor/laravel/framework/src/Illuminate/Pipeline/Pipeline.php(183): Illuminate/Session/Middleware/StartSession->handle()
#37 C:/Users/HP/Desktop/lp/regional-crm/vendor/laravel/framework/src/Illuminate/Cookie/Middleware/AddQueuedCookiesToResponse.php(37): Illuminate/Pipeline/Pipeline->{closure:{closure:Illuminate/Pipeline/Pipeline::carry():158}:159}()
#38 C:/Users/HP/Desktop/lp/regional-crm/vendor/laravel/framework/src/Illuminate/Pipeline/Pipeline.php(183): Illuminate/Cookie/Middleware/AddQueuedCookiesToResponse->handle()
#39 C:/Users/HP/Desktop/lp/regional-crm/vendor/laravel/framework/src/Illuminate/Cookie/Middleware/EncryptCookies.php(67): Illuminate/Pipeline/Pipeline->{closure:{closure:Illuminate/Pipeline/Pipeline::carry():158}:159}()
#40 C:/Users/HP/Desktop/lp/regional-crm/vendor/laravel/framework/src/Illuminate/Pipeline/Pipeline.php(183): Illuminate/Cookie/Middleware/EncryptCookies->handle()
#41 C:/Users/HP/Desktop/lp/regional-crm/vendor/laravel/framework/src/Illuminate/Pipeline/Pipeline.php(119): Illuminate/Pipeline/Pipeline->{closure:{closure:Illuminate/Pipeline/Pipeline::carry():158}:159}()
#42 C:/Users/HP/Desktop/lp/regional-crm/vendor/laravel/framework/src/Illuminate/Routing/Router.php(805): Illuminate/Pipeline/Pipeline->then()
#43 C:/Users/HP/Desktop/lp/regional-crm/vendor/laravel/framework/src/Illuminate/Routing/Router.php(784): Illuminate/Routing/Router->runRouteWithinStack()
#44 C:/Users/HP/Desktop/lp/regional-crm/vendor/laravel/framework/src/Illuminate/Routing/Router.php(748): Illuminate/Routing/Router->runRoute()
#45 C:/Users/HP/Desktop/lp/regional-crm/vendor/laravel/framework/src/Illuminate/Routing/Router.php(737): Illuminate/Routing/Router->dispatchToRoute()
#46 C:/Users/HP/Desktop/lp/regional-crm/vendor/laravel/framework/src/Illuminate/Foundation/Http/Kernel.php(200): Illuminate/Routing/Router->dispatch()
#47 C:/Users/HP/Desktop/lp/regional-crm/vendor/laravel/framework/src/Illuminate/Pipeline/Pipeline.php(144): Illuminate/Foundation/Http/Kernel->{closure:Illuminate/Foundation/Http/Kernel::dispatchToRouter():197}()
#48 C:/Users/HP/Desktop/lp/regional-crm/vendor/laravel/framework/src/Illuminate/Foundation/Http/Middleware/TransformsRequest.php(21): Illuminate/Pipeline/Pipeline->{closure:Illuminate/Pipeline/Pipeline::prepareDestination():142}()
#49 C:/Users/HP/Desktop/lp/regional-crm/vendor/laravel/framework/src/Illuminate/Foundation/Http/Middleware/ConvertEmptyStringsToNull.php(31): Illuminate/Foundation/Http/Middleware/TransformsRequest->handle()
#50 C:/Users/HP/Desktop/lp/regional-crm/vendor/laravel/framework/src/Illuminate/Pipeline/Pipeline.php(183): Illuminate/Foundation/Http/Middleware/ConvertEmptyStringsToNull->handle()
#51 C:/Users/HP/Desktop/lp/regional-crm/vendor/laravel/framework/src/Illuminate/Foundation/Http/Middleware/TransformsRequest.php(21): Illuminate/Pipeline/Pipeline->{closure:{closure:Illuminate/Pipeline/Pipeline::carry():158}:159}()
#52 C:/Users/HP/Desktop/lp/regional-crm/vendor/laravel/framework/src/Illuminate/Foundation/Http/Middleware/TrimStrings.php(40): Illuminate/Foundation/Http/Middleware/TransformsRequest->handle()
#53 C:/Users/HP/Desktop/lp/regional-crm/vendor/laravel/framework/src/Illuminate/Pipeline/Pipeline.php(183): Illuminate/Foundation/Http/Middleware/TrimStrings->handle()
#54 C:/Users/HP/Desktop/lp/regional-crm/vendor/laravel/framework/src/Illuminate/Foundation/Http/Middleware/ValidatePostSize.php(27): Illuminate/Pipeline/Pipeline->{closure:{closure:Illuminate/Pipeline/Pipeline::carry():158}:159}()
#55 C:/Users/HP/Desktop/lp/regional-crm/vendor/laravel/framework/src/Illuminate/Pipeline/Pipeline.php(183): Illuminate/Foundation/Http/Middleware/ValidatePostSize->handle()
#56 C:/Users/HP/Desktop/lp/regional-crm/vendor/laravel/framework/src/Illuminate/Foundation/Http/Middleware/PreventRequestsDuringMaintenance.php(99): Illuminate/Pipeline/Pipeline->{closure:{closure:Illuminate/Pipeline/Pipeline::carry():158}:159}()
#57 C:/Users/HP/Desktop/lp/regional-crm/vendor/laravel/framework/src/Illuminate/Pipeline/Pipeline.php(183): Illuminate/Foundation/Http/Middleware/PreventRequestsDuringMaintenance->handle()
#58 C:/Users/HP/Desktop/lp/regional-crm/vendor/laravel/framework/src/Illuminate/Http/Middleware/HandleCors.php(49): Illuminate/Pipeline/Pipeline->{closure:{closure:Illuminate/Pipeline/Pipeline::carry():158}:159}()
#59 C:/Users/HP/Desktop/lp/regional-crm/vendor/laravel/framework/src/Illuminate/Pipeline/Pipeline.php(183): Illuminate/Http/Middleware/HandleCors->handle()
#60 C:/Users/HP/Desktop/lp/regional-crm/vendor/laravel/framework/src/Illuminate/Http/Middleware/TrustProxies.php(39): Illuminate/Pipeline/Pipeline->{closure:{closure:Illuminate/Pipeline/Pipeline::carry():158}:159}()
#61 C:/Users/HP/Desktop/lp/regional-crm/vendor/laravel/framework/src/Illuminate/Pipeline/Pipeline.php(183): Illuminate/Http/Middleware/TrustProxies->handle()
#62 C:/Users/HP/Desktop/lp/regional-crm/vendor/laravel/framework/src/Illuminate/Pipeline/Pipeline.php(119): Illuminate/Pipeline/Pipeline->{closure:{closure:Illuminate/Pipeline/Pipeline::carry():158}:159}()
#63 C:/Users/HP/Desktop/lp/regional-crm/vendor/laravel/framework/src/Illuminate/Foundation/Http/Kernel.php(175): Illuminate/Pipeline/Pipeline->then()
#64 C:/Users/HP/Desktop/lp/regional-crm/vendor/laravel/framework/src/Illuminate/Foundation/Http/Kernel.php(144): Illuminate/Foundation/Http/Kernel->sendRequestThroughRouter()
#65 C:/Users/HP/Desktop/lp/regional-crm/public/index.php(18): Illuminate/Foundation/Http/Kernel->handle()
#66 C:/Users/HP/Desktop/lp/regional-crm/vendor/laravel/framework/src/Illuminate/Foundation/resources/server.php(16): require_once('...')
#67 {main}
"} 
[2026-05-12 23:25:55] local.ERROR: SQLSTATE[23000]: Integrity constraint violation: 19 NOT NULL constraint failed: deals.value (Connection: sqlite, SQL: insert into "deals" ("title", "value", "currency", "stage", "probability", "expected_close_date", "description", "customer_id", "assigned_to", "created_by", "status", "updated_at", "created_at") values (aaaaaa, ?, INR, prospecting, 20, ?, ?, ?, ?, 5, open, 2026-05-12 23:25:55, 2026-05-12 23:25:55)) {"userId":5,"exception":"[object] (Illuminate\\Database\\QueryException(code: 23000): SQLSTATE[23000]: Integrity constraint violation: 19 NOT NULL constraint failed: deals.value (Connection: sqlite, SQL: insert into \"deals\" (\"title\", \"value\", \"currency\", \"stage\", \"probability\", \"expected_close_date\", \"description\", \"customer_id\", \"assigned_to\", \"created_by\", \"status\", \"updated_at\", \"created_at\") values (aaaaaa, ?, INR, prospecting, 20, ?, ?, ?, ?, 5, open, 2026-05-12 23:25:55, 2026-05-12 23:25:55)) at C:/Users/HP/Desktop/lp/regional-crm/vendor/laravel/framework/src/Illuminate/Database/Connection.php:829)
[stacktrace]
#0 C:/Users/HP/Desktop/lp/regional-crm/vendor/laravel/framework/src/Illuminate/Database/Connection.php(783): Illuminate/Database/Connection->runQueryCallback()
#1 C:/Users/HP/Desktop/lp/regional-crm/vendor/laravel/framework/src/Illuminate/Database/Connection.php(576): Illuminate/Database/Connection->run()
#2 C:/Users/HP/Desktop/lp/regional-crm/vendor/laravel/framework/src/Illuminate/Database/Connection.php(540): Illuminate/Database/Connection->statement()
#3 C:/Users/HP/Desktop/lp/regional-crm/vendor/laravel/framework/src/Illuminate/Database/Query/Processors/Processor.php(32): Illuminate/Database/Connection->insert()
#4 C:/Users/HP/Desktop/lp/regional-crm/vendor/laravel/framework/src/Illuminate/Database/Query/Builder.php(3549): Illuminate/Database/Query/Processors/Processor->processInsertGetId()
#5 C:/Users/HP/Desktop/lp/regional-crm/vendor/laravel/framework/src/Illuminate/Database/Eloquent/Builder.php(1982): Illuminate/Database/Query/Builder->insertGetId()
#6 C:/Users/HP/Desktop/lp/regional-crm/vendor/laravel/framework/src/Illuminate/Database/Eloquent/Model.php(1334): Illuminate/Database/Eloquent/Builder->__call()
#7 C:/Users/HP/Desktop/lp/regional-crm/vendor/laravel/framework/src/Illuminate/Database/Eloquent/Model.php(1299): Illuminate/Database/Eloquent/Model->insertAndSetId()
#8 C:/Users/HP/Desktop/lp/regional-crm/vendor/laravel/framework/src/Illuminate/Database/Eloquent/Model.php(1138): Illuminate/Database/Eloquent/Model->performInsert()
#9 C:/Users/HP/Desktop/lp/regional-crm/vendor/laravel/framework/src/Illuminate/Database/Eloquent/Builder.php(1025): Illuminate/Database/Eloquent/Model->save()
#10 C:/Users/HP/Desktop/lp/regional-crm/vendor/laravel/framework/src/Illuminate/Support/helpers.php(320): Illuminate/Database/Eloquent/Builder->{closure:Illuminate/Database/Eloquent/Builder::create():1024}()
#11 C:/Users/HP/Desktop/lp/regional-crm/vendor/laravel/framework/src/Illuminate/Database/Eloquent/Builder.php(1024): tap()
#12 C:/Users/HP/Desktop/lp/regional-crm/vendor/laravel/framework/src/Illuminate/Support/Traits/ForwardsCalls.php(23): Illuminate/Database/Eloquent/Builder->create()
#13 C:/Users/HP/Desktop/lp/regional-crm/vendor/laravel/framework/src/Illuminate/Database/Eloquent/Model.php(2335): Illuminate/Database/Eloquent/Model->forwardCallTo()
#14 C:/Users/HP/Desktop/lp/regional-crm/vendor/laravel/framework/src/Illuminate/Database/Eloquent/Model.php(2347): Illuminate/Database/Eloquent/Model->__call()
#15 C:/Users/HP/Desktop/lp/regional-crm/app/Http/Controllers/DealController.php(46): Illuminate/Database/Eloquent/Model::__callStatic()
#16 C:/Users/HP/Desktop/lp/regional-crm/vendor/laravel/framework/src/Illuminate/Routing/Controller.php(54): App/Http/Controllers/DealController->store()
#17 C:/Users/HP/Desktop/lp/regional-crm/vendor/laravel/framework/src/Illuminate/Routing/ControllerDispatcher.php(43): Illuminate/Routing/Controller->callAction()
#18 C:/Users/HP/Desktop/lp/regional-crm/vendor/laravel/framework/src/Illuminate/Routing/Route.php(259): Illuminate/Routing/ControllerDispatcher->dispatch()
#19 C:/Users/HP/Desktop/lp/regional-crm/vendor/laravel/framework/src/Illuminate/Routing/Route.php(205): Illuminate/Routing/Route->runController()
#20 C:/Users/HP/Desktop/lp/regional-crm/vendor/laravel/framework/src/Illuminate/Routing/Router.php(806): Illuminate/Routing/Route->run()
#21 C:/Users/HP/Desktop/lp/regional-crm/vendor/laravel/framework/src/Illuminate/Pipeline/Pipeline.php(144): Illuminate/Routing/Router->{closure:Illuminate/Routing/Router::runRouteWithinStack():805}()
#22 C:/Users/HP/Desktop/lp/regional-crm/app/Http/Middleware/LocaleMiddleware.php(26): Illuminate/Pipeline/Pipeline->{closure:Illuminate/Pipeline/Pipeline::prepareDestination():142}()
#23 C:/Users/HP/Desktop/lp/regional-crm/vendor/laravel/framework/src/Illuminate/Pipeline/Pipeline.php(183): App/Http/Middleware/LocaleMiddleware->handle()
#24 C:/Users/HP/Desktop/lp/regional-crm/vendor/laravel/framework/src/Illuminate/Routing/Middleware/SubstituteBindings.php(50): Illuminate/Pipeline/Pipeline->{closure:{closure:Illuminate/Pipeline/Pipeline::carry():158}:159}()
#25 C:/Users/HP/Desktop/lp/regional-crm/vendor/laravel/framework/src/Illuminate/Pipeline/Pipeline.php(183): Illuminate/Routing/Middleware/SubstituteBindings->handle()
#26 C:/Users/HP/Desktop/lp/regional-crm/vendor/laravel/framework/src/Illuminate/Auth/Middleware/Authenticate.php(57): Illuminate/Pipeline/Pipeline->{closure:{closure:Illuminate/Pipeline/Pipeline::carry():158}:159}()
#27 C:/Users/HP/Desktop/lp/regional-crm/vendor/laravel/framework/src/Illuminate/Pipeline/Pipeline.php(183): Illuminate/Auth/Middleware/Authenticate->handle()
#28 C:/Users/HP/Desktop/lp/regional-crm/vendor/laravel/framework/src/Illuminate/Foundation/Http/Middleware/VerifyCsrfToken.php(78): Illuminate/Pipeline/Pipeline->{closure:{closure:Illuminate/Pipeline/Pipeline::carry():158}:159}()
#29 C:/Users/HP/Desktop/lp/regional-crm/vendor/laravel/framework/src/Illuminate/Pipeline/Pipeline.php(183): Illuminate/Foundation/Http/Middleware/VerifyCsrfToken->handle()
#30 C:/Users/HP/Desktop/lp/regional-crm/vendor/laravel/framework/src/Illuminate/View/Middleware/ShareErrorsFromSession.php(49): Illuminate/Pipeline/Pipeline->{closure:{closure:Illuminate/Pipeline/Pipeline::carry():158}:159}()
#31 C:/Users/HP/Desktop/lp/regional-crm/vendor/laravel/framework/src/Illuminate/Pipeline/Pipeline.php(183): Illuminate/View/Middleware/ShareErrorsFromSession->handle()
#32 C:/Users/HP/Desktop/lp/regional-crm/vendor/laravel/framework/src/Illuminate/Session/Middleware/StartSession.php(121): Illuminate/Pipeline/Pipeline->{closure:{closure:Illuminate/Pipeline/Pipeline::carry():158}:159}()
#33 C:/Users/HP/Desktop/lp/regional-crm/vendor/laravel/framework/src/Illuminate/Session/Middleware/StartSession.php(64): Illuminate/Session/Middleware/StartSession->handleStatefulRequest()
#34 C:/Users/HP/Desktop/lp/regional-crm/vendor/laravel/framework/src/Illuminate/Pipeline/Pipeline.php(183): Illuminate/Session/Middleware/StartSession->handle()
#35 C:/Users/HP/Desktop/lp/regional-crm/vendor/laravel/framework/src/Illuminate/Cookie/Middleware/AddQueuedCookiesToResponse.php(37): Illuminate/Pipeline/Pipeline->{closure:{closure:Illuminate/Pipeline/Pipeline::carry():158}:159}()
#36 C:/Users/HP/Desktop/lp/regional-crm/vendor/laravel/framework/src/Illuminate/Pipeline/Pipeline.php(183): Illuminate/Cookie/Middleware/AddQueuedCookiesToResponse->handle()
#37 C:/Users/HP/Desktop/lp/regional-crm/vendor/laravel/framework/src/Illuminate/Cookie/Middleware/EncryptCookies.php(67): Illuminate/Pipeline/Pipeline->{closure:{closure:Illuminate/Pipeline/Pipeline::carry():158}:159}()
#38 C:/Users/HP/Desktop/lp/regional-crm/vendor/laravel/framework/src/Illuminate/Pipeline/Pipeline.php(183): Illuminate/Cookie/Middleware/EncryptCookies->handle()
#39 C:/Users/HP/Desktop/lp/regional-crm/vendor/laravel/framework/src/Illuminate/Pipeline/Pipeline.php(119): Illuminate/Pipeline/Pipeline->{closure:{closure:Illuminate/Pipeline/Pipeline::carry():158}:159}()
#40 C:/Users/HP/Desktop/lp/regional-crm/vendor/laravel/framework/src/Illuminate/Routing/Router.php(805): Illuminate/Pipeline/Pipeline->then()
#41 C:/Users/HP/Desktop/lp/regional-crm/vendor/laravel/framework/src/Illuminate/Routing/Router.php(784): Illuminate/Routing/Router->runRouteWithinStack()
#42 C:/Users/HP/Desktop/lp/regional-crm/vendor/laravel/framework/src/Illuminate/Routing/Router.php(748): Illuminate/Routing/Router->runRoute()
#43 C:/Users/HP/Desktop/lp/regional-crm/vendor/laravel/framework/src/Illuminate/Routing/Router.php(737): Illuminate/Routing/Router->dispatchToRoute()
#44 C:/Users/HP/Desktop/lp/regional-crm/vendor/laravel/framework/src/Illuminate/Foundation/Http/Kernel.php(200): Illuminate/Routing/Router->dispatch()
#45 C:/Users/HP/Desktop/lp/regional-crm/vendor/laravel/framework/src/Illuminate/Pipeline/Pipeline.php(144): Illuminate/Foundation/Http/Kernel->{closure:Illuminate/Foundation/Http/Kernel::dispatchToRouter():197}()
#46 C:/Users/HP/Desktop/lp/regional-crm/vendor/laravel/framework/src/Illuminate/Foundation/Http/Middleware/TransformsRequest.php(21): Illuminate/Pipeline/Pipeline->{closure:Illuminate/Pipeline/Pipeline::prepareDestination():142}()
#47 C:/Users/HP/Desktop/lp/regional-crm/vendor/laravel/framework/src/Illuminate/Foundation/Http/Middleware/ConvertEmptyStringsToNull.php(31): Illuminate/Foundation/Http/Middleware/TransformsRequest->handle()
#48 C:/Users/HP/Desktop/lp/regional-crm/vendor/laravel/framework/src/Illuminate/Pipeline/Pipeline.php(183): Illuminate/Foundation/Http/Middleware/ConvertEmptyStringsToNull->handle()
#49 C:/Users/HP/Desktop/lp/regional-crm/vendor/laravel/framework/src/Illuminate/Foundation/Http/Middleware/TransformsRequest.php(21): Illuminate/Pipeline/Pipeline->{closure:{closure:Illuminate/Pipeline/Pipeline::carry():158}:159}()
#50 C:/Users/HP/Desktop/lp/regional-crm/vendor/laravel/framework/src/Illuminate/Foundation/Http/Middleware/TrimStrings.php(40): Illuminate/Foundation/Http/Middleware/TransformsRequest->handle()
#51 C:/Users/HP/Desktop/lp/regional-crm/vendor/laravel/framework/src/Illuminate/Pipeline/Pipeline.php(183): Illuminate/Foundation/Http/Middleware/TrimStrings->handle()
#52 C:/Users/HP/Desktop/lp/regional-crm/vendor/laravel/framework/src/Illuminate/Foundation/Http/Middleware/ValidatePostSize.php(27): Illuminate/Pipeline/Pipeline->{closure:{closure:Illuminate/Pipeline/Pipeline::carry():158}:159}()
#53 C:/Users/HP/Desktop/lp/regional-crm/vendor/laravel/framework/src/Illuminate/Pipeline/Pipeline.php(183): Illuminate/Foundation/Http/Middleware/ValidatePostSize->handle()
#54 C:/Users/HP/Desktop/lp/regional-crm/vendor/laravel/framework/src/Illuminate/Foundation/Http/Middleware/PreventRequestsDuringMaintenance.php(99): Illuminate/Pipeline/Pipeline->{closure:{closure:Illuminate/Pipeline/Pipeline::carry():158}:159}()
#55 C:/Users/HP/Desktop/lp/regional-crm/vendor/laravel/framework/src/Illuminate/Pipeline/Pipeline.php(183): Illuminate/Foundation/Http/Middleware/PreventRequestsDuringMaintenance->handle()
#56 C:/Users/HP/Desktop/lp/regional-crm/vendor/laravel/framework/src/Illuminate/Http/Middleware/HandleCors.php(49): Illuminate/Pipeline/Pipeline->{closure:{closure:Illuminate/Pipeline/Pipeline::carry():158}:159}()
#57 C:/Users/HP/Desktop/lp/regional-crm/vendor/laravel/framework/src/Illuminate/Pipeline/Pipeline.php(183): Illuminate/Http/Middleware/HandleCors->handle()
#58 C:/Users/HP/Desktop/lp/regional-crm/vendor/laravel/framework/src/Illuminate/Http/Middleware/TrustProxies.php(39): Illuminate/Pipeline/Pipeline->{closure:{closure:Illuminate/Pipeline/Pipeline::carry():158}:159}()
#59 C:/Users/HP/Desktop/lp/regional-crm/vendor/laravel/framework/src/Illuminate/Pipeline/Pipeline.php(183): Illuminate/Http/Middleware/TrustProxies->handle()
#60 C:/Users/HP/Desktop/lp/regional-crm/vendor/laravel/framework/src/Illuminate/Pipeline/Pipeline.php(119): Illuminate/Pipeline/Pipeline->{closure:{closure:Illuminate/Pipeline/Pipeline::carry():158}:159}()
#61 C:/Users/HP/Desktop/lp/regional-crm/vendor/laravel/framework/src/Illuminate/Foundation/Http/Kernel.php(175): Illuminate/Pipeline/Pipeline->then()
#62 C:/Users/HP/Desktop/lp/regional-crm/vendor/laravel/framework/src/Illuminate/Foundation/Http/Kernel.php(144): Illuminate/Foundation/Http/Kernel->sendRequestThroughRouter()
#63 C:/Users/HP/Desktop/lp/regional-crm/public/index.php(18): Illuminate/Foundation/Http/Kernel->handle()
#64 C:/Users/HP/Desktop/lp/regional-crm/vendor/laravel/framework/src/Illuminate/Foundation/resources/server.php(16): require_once('...')
#65 {main}

[previous exception] [object] (PDOException(code: 23000): SQLSTATE[23000]: Integrity constraint violation: 19 NOT NULL constraint failed: deals.value at C:/Users/HP/Desktop/lp/regional-crm/vendor/laravel/framework/src/Illuminate/Database/Connection.php:587)
[stacktrace]
#0 C:/Users/HP/Desktop/lp/regional-crm/vendor/laravel/framework/src/Illuminate/Database/Connection.php(587): PDOStatement->execute()
#1 C:/Users/HP/Desktop/lp/regional-crm/vendor/laravel/framework/src/Illuminate/Database/Connection.php(816): Illuminate/Database/Connection->{closure:Illuminate/Database/Connection::statement():576}()
#2 C:/Users/HP/Desktop/lp/regional-crm/vendor/laravel/framework/src/Illuminate/Database/Connection.php(783): Illuminate/Database/Connection->runQueryCallback()
#3 C:/Users/HP/Desktop/lp/regional-crm/vendor/laravel/framework/src/Illuminate/Database/Connection.php(576): Illuminate/Database/Connection->run()
#4 C:/Users/HP/Desktop/lp/regional-crm/vendor/laravel/framework/src/Illuminate/Database/Connection.php(540): Illuminate/Database/Connection->statement()
#5 C:/Users/HP/Desktop/lp/regional-crm/vendor/laravel/framework/src/Illuminate/Database/Query/Processors/Processor.php(32): Illuminate/Database/Connection->insert()
#6 C:/Users/HP/Desktop/lp/regional-crm/vendor/laravel/framework/src/Illuminate/Database/Query/Builder.php(3549): Illuminate/Database/Query/Processors/Processor->processInsertGetId()
#7 C:/Users/HP/Desktop/lp/regional-crm/vendor/laravel/framework/src/Illuminate/Database/Eloquent/Builder.php(1982): Illuminate/Database/Query/Builder->insertGetId()
#8 C:/Users/HP/Desktop/lp/regional-crm/vendor/laravel/framework/src/Illuminate/Database/Eloquent/Model.php(1334): Illuminate/Database/Eloquent/Builder->__call()
#9 C:/Users/HP/Desktop/lp/regional-crm/vendor/laravel/framework/src/Illuminate/Database/Eloquent/Model.php(1299): Illuminate/Database/Eloquent/Model->insertAndSetId()
#10 C:/Users/HP/Desktop/lp/regional-crm/vendor/laravel/framework/src/Illuminate/Database/Eloquent/Model.php(1138): Illuminate/Database/Eloquent/Model->performInsert()
#11 C:/Users/HP/Desktop/lp/regional-crm/vendor/laravel/framework/src/Illuminate/Database/Eloquent/Builder.php(1025): Illuminate/Database/Eloquent/Model->save()
#12 C:/Users/HP/Desktop/lp/regional-crm/vendor/laravel/framework/src/Illuminate/Support/helpers.php(320): Illuminate/Database/Eloquent/Builder->{closure:Illuminate/Database/Eloquent/Builder::create():1024}()
#13 C:/Users/HP/Desktop/lp/regional-crm/vendor/laravel/framework/src/Illuminate/Database/Eloquent/Builder.php(1024): tap()
#14 C:/Users/HP/Desktop/lp/regional-crm/vendor/laravel/framework/src/Illuminate/Support/Traits/ForwardsCalls.php(23): Illuminate/Database/Eloquent/Builder->create()
#15 C:/Users/HP/Desktop/lp/regional-crm/vendor/laravel/framework/src/Illuminate/Database/Eloquent/Model.php(2335): Illuminate/Database/Eloquent/Model->forwardCallTo()
#16 C:/Users/HP/Desktop/lp/regional-crm/vendor/laravel/framework/src/Illuminate/Database/Eloquent/Model.php(2347): Illuminate/Database/Eloquent/Model->__call()
#17 C:/Users/HP/Desktop/lp/regional-crm/app/Http/Controllers/DealController.php(46): Illuminate/Database/Eloquent/Model::__callStatic()
#18 C:/Users/HP/Desktop/lp/regional-crm/vendor/laravel/framework/src/Illuminate/Routing/Controller.php(54): App/Http/Controllers/DealController->store()
#19 C:/Users/HP/Desktop/lp/regional-crm/vendor/laravel/framework/src/Illuminate/Routing/ControllerDispatcher.php(43): Illuminate/Routing/Controller->callAction()
#20 C:/Users/HP/Desktop/lp/regional-crm/vendor/laravel/framework/src/Illuminate/Routing/Route.php(259): Illuminate/Routing/ControllerDispatcher->dispatch()
#21 C:/Users/HP/Desktop/lp/regional-crm/vendor/laravel/framework/src/Illuminate/Routing/Route.php(205): Illuminate/Routing/Route->runController()
#22 C:/Users/HP/Desktop/lp/regional-crm/vendor/laravel/framework/src/Illuminate/Routing/Router.php(806): Illuminate/Routing/Route->run()
#23 C:/Users/HP/Desktop/lp/regional-crm/vendor/laravel/framework/src/Illuminate/Pipeline/Pipeline.php(144): Illuminate/Routing/Router->{closure:Illuminate/Routing/Router::runRouteWithinStack():805}()
#24 C:/Users/HP/Desktop/lp/regional-crm/app/Http/Middleware/LocaleMiddleware.php(26): Illuminate/Pipeline/Pipeline->{closure:Illuminate/Pipeline/Pipeline::prepareDestination():142}()
#25 C:/Users/HP/Desktop/lp/regional-crm/vendor/laravel/framework/src/Illuminate/Pipeline/Pipeline.php(183): App/Http/Middleware/LocaleMiddleware->handle()
#26 C:/Users/HP/Desktop/lp/regional-crm/vendor/laravel/framework/src/Illuminate/Routing/Middleware/SubstituteBindings.php(50): Illuminate/Pipeline/Pipeline->{closure:{closure:Illuminate/Pipeline/Pipeline::carry():158}:159}()
#27 C:/Users/HP/Desktop/lp/regional-crm/vendor/laravel/framework/src/Illuminate/Pipeline/Pipeline.php(183): Illuminate/Routing/Middleware/SubstituteBindings->handle()
#28 C:/Users/HP/Desktop/lp/regional-crm/vendor/laravel/framework/src/Illuminate/Auth/Middleware/Authenticate.php(57): Illuminate/Pipeline/Pipeline->{closure:{closure:Illuminate/Pipeline/Pipeline::carry():158}:159}()
#29 C:/Users/HP/Desktop/lp/regional-crm/vendor/laravel/framework/src/Illuminate/Pipeline/Pipeline.php(183): Illuminate/Auth/Middleware/Authenticate->handle()
#30 C:/Users/HP/Desktop/lp/regional-crm/vendor/laravel/framework/src/Illuminate/Foundation/Http/Middleware/VerifyCsrfToken.php(78): Illuminate/Pipeline/Pipeline->{closure:{closure:Illuminate/Pipeline/Pipeline::carry():158}:159}()
#31 C:/Users/HP/Desktop/lp/regional-crm/vendor/laravel/framework/src/Illuminate/Pipeline/Pipeline.php(183): Illuminate/Foundation/Http/Middleware/VerifyCsrfToken->handle()
#32 C:/Users/HP/Desktop/lp/regional-crm/vendor/laravel/framework/src/Illuminate/View/Middleware/ShareErrorsFromSession.php(49): Illuminate/Pipeline/Pipeline->{closure:{closure:Illuminate/Pipeline/Pipeline::carry():158}:159}()
#33 C:/Users/HP/Desktop/lp/regional-crm/vendor/laravel/framework/src/Illuminate/Pipeline/Pipeline.php(183): Illuminate/View/Middleware/ShareErrorsFromSession->handle()
#34 C:/Users/HP/Desktop/lp/regional-crm/vendor/laravel/framework/src/Illuminate/Session/Middleware/StartSession.php(121): Illuminate/Pipeline/Pipeline->{closure:{closure:Illuminate/Pipeline/Pipeline::carry():158}:159}()
#35 C:/Users/HP/Desktop/lp/regional-crm/vendor/laravel/framework/src/Illuminate/Session/Middleware/StartSession.php(64): Illuminate/Session/Middleware/StartSession->handleStatefulRequest()
#36 C:/Users/HP/Desktop/lp/regional-crm/vendor/laravel/framework/src/Illuminate/Pipeline/Pipeline.php(183): Illuminate/Session/Middleware/StartSession->handle()
#37 C:/Users/HP/Desktop/lp/regional-crm/vendor/laravel/framework/src/Illuminate/Cookie/Middleware/AddQueuedCookiesToResponse.php(37): Illuminate/Pipeline/Pipeline->{closure:{closure:Illuminate/Pipeline/Pipeline::carry():158}:159}()
#38 C:/Users/HP/Desktop/lp/regional-crm/vendor/laravel/framework/src/Illuminate/Pipeline/Pipeline.php(183): Illuminate/Cookie/Middleware/AddQueuedCookiesToResponse->handle()
#39 C:/Users/HP/Desktop/lp/regional-crm/vendor/laravel/framework/src/Illuminate/Cookie/Middleware/EncryptCookies.php(67): Illuminate/Pipeline/Pipeline->{closure:{closure:Illuminate/Pipeline/Pipeline::carry():158}:159}()
#40 C:/Users/HP/Desktop/lp/regional-crm/vendor/laravel/framework/src/Illuminate/Pipeline/Pipeline.php(183): Illuminate/Cookie/Middleware/EncryptCookies->handle()
#41 C:/Users/HP/Desktop/lp/regional-crm/vendor/laravel/framework/src/Illuminate/Pipeline/Pipeline.php(119): Illuminate/Pipeline/Pipeline->{closure:{closure:Illuminate/Pipeline/Pipeline::carry():158}:159}()
#42 C:/Users/HP/Desktop/lp/regional-crm/vendor/laravel/framework/src/Illuminate/Routing/Router.php(805): Illuminate/Pipeline/Pipeline->then()
#43 C:/Users/HP/Desktop/lp/regional-crm/vendor/laravel/framework/src/Illuminate/Routing/Router.php(784): Illuminate/Routing/Router->runRouteWithinStack()
#44 C:/Users/HP/Desktop/lp/regional-crm/vendor/laravel/framework/src/Illuminate/Routing/Router.php(748): Illuminate/Routing/Router->runRoute()
#45 C:/Users/HP/Desktop/lp/regional-crm/vendor/laravel/framework/src/Illuminate/Routing/Router.php(737): Illuminate/Routing/Router->dispatchToRoute()
#46 C:/Users/HP/Desktop/lp/regional-crm/vendor/laravel/framework/src/Illuminate/Foundation/Http/Kernel.php(200): Illuminate/Routing/Router->dispatch()
#47 C:/Users/HP/Desktop/lp/regional-crm/vendor/laravel/framework/src/Illuminate/Pipeline/Pipeline.php(144): Illuminate/Foundation/Http/Kernel->{closure:Illuminate/Foundation/Http/Kernel::dispatchToRouter():197}()
#48 C:/Users/HP/Desktop/lp/regional-crm/vendor/laravel/framework/src/Illuminate/Foundation/Http/Middleware/TransformsRequest.php(21): Illuminate/Pipeline/Pipeline->{closure:Illuminate/Pipeline/Pipeline::prepareDestination():142}()
#49 C:/Users/HP/Desktop/lp/regional-crm/vendor/laravel/framework/src/Illuminate/Foundation/Http/Middleware/ConvertEmptyStringsToNull.php(31): Illuminate/Foundation/Http/Middleware/TransformsRequest->handle()
#50 C:/Users/HP/Desktop/lp/regional-crm/vendor/laravel/framework/src/Illuminate/Pipeline/Pipeline.php(183): Illuminate/Foundation/Http/Middleware/ConvertEmptyStringsToNull->handle()
#51 C:/Users/HP/Desktop/lp/regional-crm/vendor/laravel/framework/src/Illuminate/Foundation/Http/Middleware/TransformsRequest.php(21): Illuminate/Pipeline/Pipeline->{closure:{closure:Illuminate/Pipeline/Pipeline::carry():158}:159}()
#52 C:/Users/HP/Desktop/lp/regional-crm/vendor/laravel/framework/src/Illuminate/Foundation/Http/Middleware/TrimStrings.php(40): Illuminate/Foundation/Http/Middleware/TransformsRequest->handle()
#53 C:/Users/HP/Desktop/lp/regional-crm/vendor/laravel/framework/src/Illuminate/Pipeline/Pipeline.php(183): Illuminate/Foundation/Http/Middleware/TrimStrings->handle()
#54 C:/Users/HP/Desktop/lp/regional-crm/vendor/laravel/framework/src/Illuminate/Foundation/Http/Middleware/ValidatePostSize.php(27): Illuminate/Pipeline/Pipeline->{closure:{closure:Illuminate/Pipeline/Pipeline::carry():158}:159}()
#55 C:/Users/HP/Desktop/lp/regional-crm/vendor/laravel/framework/src/Illuminate/Pipeline/Pipeline.php(183): Illuminate/Foundation/Http/Middleware/ValidatePostSize->handle()
#56 C:/Users/HP/Desktop/lp/regional-crm/vendor/laravel/framework/src/Illuminate/Foundation/Http/Middleware/PreventRequestsDuringMaintenance.php(99): Illuminate/Pipeline/Pipeline->{closure:{closure:Illuminate/Pipeline/Pipeline::carry():158}:159}()
#57 C:/Users/HP/Desktop/lp/regional-crm/vendor/laravel/framework/src/Illuminate/Pipeline/Pipeline.php(183): Illuminate/Foundation/Http/Middleware/PreventRequestsDuringMaintenance->handle()
#58 C:/Users/HP/Desktop/lp/regional-crm/vendor/laravel/framework/src/Illuminate/Http/Middleware/HandleCors.php(49): Illuminate/Pipeline/Pipeline->{closure:{closure:Illuminate/Pipeline/Pipeline::carry():158}:159}()
#59 C:/Users/HP/Desktop/lp/regional-crm/vendor/laravel/framework/src/Illuminate/Pipeline/Pipeline.php(183): Illuminate/Http/Middleware/HandleCors->handle()
#60 C:/Users/HP/Desktop/lp/regional-crm/vendor/laravel/framework/src/Illuminate/Http/Middleware/TrustProxies.php(39): Illuminate/Pipeline/Pipeline->{closure:{closure:Illuminate/Pipeline/Pipeline::carry():158}:159}()
#61 C:/Users/HP/Desktop/lp/regional-crm/vendor/laravel/framework/src/Illuminate/Pipeline/Pipeline.php(183): Illuminate/Http/Middleware/TrustProxies->handle()
#62 C:/Users/HP/Desktop/lp/regional-crm/vendor/laravel/framework/src/Illuminate/Pipeline/Pipeline.php(119): Illuminate/Pipeline/Pipeline->{closure:{closure:Illuminate/Pipeline/Pipeline::carry():158}:159}()
#63 C:/Users/HP/Desktop/lp/regional-crm/vendor/laravel/framework/src/Illuminate/Foundation/Http/Kernel.php(175): Illuminate/Pipeline/Pipeline->then()
#64 C:/Users/HP/Desktop/lp/regional-crm/vendor/laravel/framework/src/Illuminate/Foundation/Http/Kernel.php(144): Illuminate/Foundation/Http/Kernel->sendRequestThroughRouter()
#65 C:/Users/HP/Desktop/lp/regional-crm/public/index.php(18): Illuminate/Foundation/Http/Kernel->handle()
#66 C:/Users/HP/Desktop/lp/regional-crm/vendor/laravel/framework/src/Illuminate/Foundation/resources/server.php(16): require_once('...')
#67 {main}
"} 
[2026-05-12 23:26:00] local.ERROR: SQLSTATE[23000]: Integrity constraint violation: 19 NOT NULL constraint failed: deals.value (Connection: sqlite, SQL: insert into "deals" ("title", "value", "currency", "stage", "probability", "expected_close_date", "description", "customer_id", "assigned_to", "created_by", "status", "updated_at", "created_at") values (aaaaaa, ?, INR, prospecting, 20, ?, ?, ?, ?, 5, open, 2026-05-12 23:26:00, 2026-05-12 23:26:00)) {"userId":5,"exception":"[object] (Illuminate\\Database\\QueryException(code: 23000): SQLSTATE[23000]: Integrity constraint violation: 19 NOT NULL constraint failed: deals.value (Connection: sqlite, SQL: insert into \"deals\" (\"title\", \"value\", \"currency\", \"stage\", \"probability\", \"expected_close_date\", \"description\", \"customer_id\", \"assigned_to\", \"created_by\", \"status\", \"updated_at\", \"created_at\") values (aaaaaa, ?, INR, prospecting, 20, ?, ?, ?, ?, 5, open, 2026-05-12 23:26:00, 2026-05-12 23:26:00)) at C:/Users/HP/Desktop/lp/regional-crm/vendor/laravel/framework/src/Illuminate/Database/Connection.php:829)
[stacktrace]
#0 C:/Users/HP/Desktop/lp/regional-crm/vendor/laravel/framework/src/Illuminate/Database/Connection.php(783): Illuminate/Database/Connection->runQueryCallback()
#1 C:/Users/HP/Desktop/lp/regional-crm/vendor/laravel/framework/src/Illuminate/Database/Connection.php(576): Illuminate/Database/Connection->run()
#2 C:/Users/HP/Desktop/lp/regional-crm/vendor/laravel/framework/src/Illuminate/Database/Connection.php(540): Illuminate/Database/Connection->statement()
#3 C:/Users/HP/Desktop/lp/regional-crm/vendor/laravel/framework/src/Illuminate/Database/Query/Processors/Processor.php(32): Illuminate/Database/Connection->insert()
#4 C:/Users/HP/Desktop/lp/regional-crm/vendor/laravel/framework/src/Illuminate/Database/Query/Builder.php(3549): Illuminate/Database/Query/Processors/Processor->processInsertGetId()
#5 C:/Users/HP/Desktop/lp/regional-crm/vendor/laravel/framework/src/Illuminate/Database/Eloquent/Builder.php(1982): Illuminate/Database/Query/Builder->insertGetId()
#6 C:/Users/HP/Desktop/lp/regional-crm/vendor/laravel/framework/src/Illuminate/Database/Eloquent/Model.php(1334): Illuminate/Database/Eloquent/Builder->__call()
#7 C:/Users/HP/Desktop/lp/regional-crm/vendor/laravel/framework/src/Illuminate/Database/Eloquent/Model.php(1299): Illuminate/Database/Eloquent/Model->insertAndSetId()
#8 C:/Users/HP/Desktop/lp/regional-crm/vendor/laravel/framework/src/Illuminate/Database/Eloquent/Model.php(1138): Illuminate/Database/Eloquent/Model->performInsert()
#9 C:/Users/HP/Desktop/lp/regional-crm/vendor/laravel/framework/src/Illuminate/Database/Eloquent/Builder.php(1025): Illuminate/Database/Eloquent/Model->save()
#10 C:/Users/HP/Desktop/lp/regional-crm/vendor/laravel/framework/src/Illuminate/Support/helpers.php(320): Illuminate/Database/Eloquent/Builder->{closure:Illuminate/Database/Eloquent/Builder::create():1024}()
#11 C:/Users/HP/Desktop/lp/regional-crm/vendor/laravel/framework/src/Illuminate/Database/Eloquent/Builder.php(1024): tap()
#12 C:/Users/HP/Desktop/lp/regional-crm/vendor/laravel/framework/src/Illuminate/Support/Traits/ForwardsCalls.php(23): Illuminate/Database/Eloquent/Builder->create()
#13 C:/Users/HP/Desktop/lp/regional-crm/vendor/laravel/framework/src/Illuminate/Database/Eloquent/Model.php(2335): Illuminate/Database/Eloquent/Model->forwardCallTo()
#14 C:/Users/HP/Desktop/lp/regional-crm/vendor/laravel/framework/src/Illuminate/Database/Eloquent/Model.php(2347): Illuminate/Database/Eloquent/Model->__call()
#15 C:/Users/HP/Desktop/lp/regional-crm/app/Http/Controllers/DealController.php(46): Illuminate/Database/Eloquent/Model::__callStatic()
#16 C:/Users/HP/Desktop/lp/regional-crm/vendor/laravel/framework/src/Illuminate/Routing/Controller.php(54): App/Http/Controllers/DealController->store()
#17 C:/Users/HP/Desktop/lp/regional-crm/vendor/laravel/framework/src/Illuminate/Routing/ControllerDispatcher.php(43): Illuminate/Routing/Controller->callAction()
#18 C:/Users/HP/Desktop/lp/regional-crm/vendor/laravel/framework/src/Illuminate/Routing/Route.php(259): Illuminate/Routing/ControllerDispatcher->dispatch()
#19 C:/Users/HP/Desktop/lp/regional-crm/vendor/laravel/framework/src/Illuminate/Routing/Route.php(205): Illuminate/Routing/Route->runController()
#20 C:/Users/HP/Desktop/lp/regional-crm/vendor/laravel/framework/src/Illuminate/Routing/Router.php(806): Illuminate/Routing/Route->run()
#21 C:/Users/HP/Desktop/lp/regional-crm/vendor/laravel/framework/src/Illuminate/Pipeline/Pipeline.php(144): Illuminate/Routing/Router->{closure:Illuminate/Routing/Router::runRouteWithinStack():805}()
#22 C:/Users/HP/Desktop/lp/regional-crm/app/Http/Middleware/LocaleMiddleware.php(26): Illuminate/Pipeline/Pipeline->{closure:Illuminate/Pipeline/Pipeline::prepareDestination():142}()
#23 C:/Users/HP/Desktop/lp/regional-crm/vendor/laravel/framework/src/Illuminate/Pipeline/Pipeline.php(183): App/Http/Middleware/LocaleMiddleware->handle()
#24 C:/Users/HP/Desktop/lp/regional-crm/vendor/laravel/framework/src/Illuminate/Routing/Middleware/SubstituteBindings.php(50): Illuminate/Pipeline/Pipeline->{closure:{closure:Illuminate/Pipeline/Pipeline::carry():158}:159}()
#25 C:/Users/HP/Desktop/lp/regional-crm/vendor/laravel/framework/src/Illuminate/Pipeline/Pipeline.php(183): Illuminate/Routing/Middleware/SubstituteBindings->handle()
#26 C:/Users/HP/Desktop/lp/regional-crm/vendor/laravel/framework/src/Illuminate/Auth/Middleware/Authenticate.php(57): Illuminate/Pipeline/Pipeline->{closure:{closure:Illuminate/Pipeline/Pipeline::carry():158}:159}()
#27 C:/Users/HP/Desktop/lp/regional-crm/vendor/laravel/framework/src/Illuminate/Pipeline/Pipeline.php(183): Illuminate/Auth/Middleware/Authenticate->handle()
#28 C:/Users/HP/Desktop/lp/regional-crm/vendor/laravel/framework/src/Illuminate/Foundation/Http/Middleware/VerifyCsrfToken.php(78): Illuminate/Pipeline/Pipeline->{closure:{closure:Illuminate/Pipeline/Pipeline::carry():158}:159}()
#29 C:/Users/HP/Desktop/lp/regional-crm/vendor/laravel/framework/src/Illuminate/Pipeline/Pipeline.php(183): Illuminate/Foundation/Http/Middleware/VerifyCsrfToken->handle()
#30 C:/Users/HP/Desktop/lp/regional-crm/vendor/laravel/framework/src/Illuminate/View/Middleware/ShareErrorsFromSession.php(49): Illuminate/Pipeline/Pipeline->{closure:{closure:Illuminate/Pipeline/Pipeline::carry():158}:159}()
#31 C:/Users/HP/Desktop/lp/regional-crm/vendor/laravel/framework/src/Illuminate/Pipeline/Pipeline.php(183): Illuminate/View/Middleware/ShareErrorsFromSession->handle()
#32 C:/Users/HP/Desktop/lp/regional-crm/vendor/laravel/framework/src/Illuminate/Session/Middleware/StartSession.php(121): Illuminate/Pipeline/Pipeline->{closure:{closure:Illuminate/Pipeline/Pipeline::carry():158}:159}()
#33 C:/Users/HP/Desktop/lp/regional-crm/vendor/laravel/framework/src/Illuminate/Session/Middleware/StartSession.php(64): Illuminate/Session/Middleware/StartSession->handleStatefulRequest()
#34 C:/Users/HP/Desktop/lp/regional-crm/vendor/laravel/framework/src/Illuminate/Pipeline/Pipeline.php(183): Illuminate/Session/Middleware/StartSession->handle()
#35 C:/Users/HP/Desktop/lp/regional-crm/vendor/laravel/framework/src/Illuminate/Cookie/Middleware/AddQueuedCookiesToResponse.php(37): Illuminate/Pipeline/Pipeline->{closure:{closure:Illuminate/Pipeline/Pipeline::carry():158}:159}()
#36 C:/Users/HP/Desktop/lp/regional-crm/vendor/laravel/framework/src/Illuminate/Pipeline/Pipeline.php(183): Illuminate/Cookie/Middleware/AddQueuedCookiesToResponse->handle()
#37 C:/Users/HP/Desktop/lp/regional-crm/vendor/laravel/framework/src/Illuminate/Cookie/Middleware/EncryptCookies.php(67): Illuminate/Pipeline/Pipeline->{closure:{closure:Illuminate/Pipeline/Pipeline::carry():158}:159}()
#38 C:/Users/HP/Desktop/lp/regional-crm/vendor/laravel/framework/src/Illuminate/Pipeline/Pipeline.php(183): Illuminate/Cookie/Middleware/EncryptCookies->handle()
#39 C:/Users/HP/Desktop/lp/regional-crm/vendor/laravel/framework/src/Illuminate/Pipeline/Pipeline.php(119): Illuminate/Pipeline/Pipeline->{closure:{closure:Illuminate/Pipeline/Pipeline::carry():158}:159}()
#40 C:/Users/HP/Desktop/lp/regional-crm/vendor/laravel/framework/src/Illuminate/Routing/Router.php(805): Illuminate/Pipeline/Pipeline->then()
#41 C:/Users/HP/Desktop/lp/regional-crm/vendor/laravel/framework/src/Illuminate/Routing/Router.php(784): Illuminate/Routing/Router->runRouteWithinStack()
#42 C:/Users/HP/Desktop/lp/regional-crm/vendor/laravel/framework/src/Illuminate/Routing/Router.php(748): Illuminate/Routing/Router->runRoute()
#43 C:/Users/HP/Desktop/lp/regional-crm/vendor/laravel/framework/src/Illuminate/Routing/Router.php(737): Illuminate/Routing/Router->dispatchToRoute()
#44 C:/Users/HP/Desktop/lp/regional-crm/vendor/laravel/framework/src/Illuminate/Foundation/Http/Kernel.php(200): Illuminate/Routing/Router->dispatch()
#45 C:/Users/HP/Desktop/lp/regional-crm/vendor/laravel/framework/src/Illuminate/Pipeline/Pipeline.php(144): Illuminate/Foundation/Http/Kernel->{closure:Illuminate/Foundation/Http/Kernel::dispatchToRouter():197}()
#46 C:/Users/HP/Desktop/lp/regional-crm/vendor/laravel/framework/src/Illuminate/Foundation/Http/Middleware/TransformsRequest.php(21): Illuminate/Pipeline/Pipeline->{closure:Illuminate/Pipeline/Pipeline::prepareDestination():142}()
#47 C:/Users/HP/Desktop/lp/regional-crm/vendor/laravel/framework/src/Illuminate/Foundation/Http/Middleware/ConvertEmptyStringsToNull.php(31): Illuminate/Foundation/Http/Middleware/TransformsRequest->handle()
#48 C:/Users/HP/Desktop/lp/regional-crm/vendor/laravel/framework/src/Illuminate/Pipeline/Pipeline.php(183): Illuminate/Foundation/Http/Middleware/ConvertEmptyStringsToNull->handle()
#49 C:/Users/HP/Desktop/lp/regional-crm/vendor/laravel/framework/src/Illuminate/Foundation/Http/Middleware/TransformsRequest.php(21): Illuminate/Pipeline/Pipeline->{closure:{closure:Illuminate/Pipeline/Pipeline::carry():158}:159}()
#50 C:/Users/HP/Desktop/lp/regional-crm/vendor/laravel/framework/src/Illuminate/Foundation/Http/Middleware/TrimStrings.php(40): Illuminate/Foundation/Http/Middleware/TransformsRequest->handle()
#51 C:/Users/HP/Desktop/lp/regional-crm/vendor/laravel/framework/src/Illuminate/Pipeline/Pipeline.php(183): Illuminate/Foundation/Http/Middleware/TrimStrings->handle()
#52 C:/Users/HP/Desktop/lp/regional-crm/vendor/laravel/framework/src/Illuminate/Foundation/Http/Middleware/ValidatePostSize.php(27): Illuminate/Pipeline/Pipeline->{closure:{closure:Illuminate/Pipeline/Pipeline::carry():158}:159}()
#53 C:/Users/HP/Desktop/lp/regional-crm/vendor/laravel/framework/src/Illuminate/Pipeline/Pipeline.php(183): Illuminate/Foundation/Http/Middleware/ValidatePostSize->handle()
#54 C:/Users/HP/Desktop/lp/regional-crm/vendor/laravel/framework/src/Illuminate/Foundation/Http/Middleware/PreventRequestsDuringMaintenance.php(99): Illuminate/Pipeline/Pipeline->{closure:{closure:Illuminate/Pipeline/Pipeline::carry():158}:159}()
#55 C:/Users/HP/Desktop/lp/regional-crm/vendor/laravel/framework/src/Illuminate/Pipeline/Pipeline.php(183): Illuminate/Foundation/Http/Middleware/PreventRequestsDuringMaintenance->handle()
#56 C:/Users/HP/Desktop/lp/regional-crm/vendor/laravel/framework/src/Illuminate/Http/Middleware/HandleCors.php(49): Illuminate/Pipeline/Pipeline->{closure:{closure:Illuminate/Pipeline/Pipeline::carry():158}:159}()
#57 C:/Users/HP/Desktop/lp/regional-crm/vendor/laravel/framework/src/Illuminate/Pipeline/Pipeline.php(183): Illuminate/Http/Middleware/HandleCors->handle()
#58 C:/Users/HP/Desktop/lp/regional-crm/vendor/laravel/framework/src/Illuminate/Http/Middleware/TrustProxies.php(39): Illuminate/Pipeline/Pipeline->{closure:{closure:Illuminate/Pipeline/Pipeline::carry():158}:159}()
#59 C:/Users/HP/Desktop/lp/regional-crm/vendor/laravel/framework/src/Illuminate/Pipeline/Pipeline.php(183): Illuminate/Http/Middleware/TrustProxies->handle()
#60 C:/Users/HP/Desktop/lp/regional-crm/vendor/laravel/framework/src/Illuminate/Pipeline/Pipeline.php(119): Illuminate/Pipeline/Pipeline->{closure:{closure:Illuminate/Pipeline/Pipeline::carry():158}:159}()
#61 C:/Users/HP/Desktop/lp/regional-crm/vendor/laravel/framework/src/Illuminate/Foundation/Http/Kernel.php(175): Illuminate/Pipeline/Pipeline->then()
#62 C:/Users/HP/Desktop/lp/regional-crm/vendor/laravel/framework/src/Illuminate/Foundation/Http/Kernel.php(144): Illuminate/Foundation/Http/Kernel->sendRequestThroughRouter()
#63 C:/Users/HP/Desktop/lp/regional-crm/public/index.php(18): Illuminate/Foundation/Http/Kernel->handle()
#64 C:/Users/HP/Desktop/lp/regional-crm/vendor/laravel/framework/src/Illuminate/Foundation/resources/server.php(16): require_once('...')
#65 {main}

[previous exception] [object] (PDOException(code: 23000): SQLSTATE[23000]: Integrity constraint violation: 19 NOT NULL constraint failed: deals.value at C:/Users/HP/Desktop/lp/regional-crm/vendor/laravel/framework/src/Illuminate/Database/Connection.php:587)
[stacktrace]
#0 C:/Users/HP/Desktop/lp/regional-crm/vendor/laravel/framework/src/Illuminate/Database/Connection.php(587): PDOStatement->execute()
#1 C:/Users/HP/Desktop/lp/regional-crm/vendor/laravel/framework/src/Illuminate/Database/Connection.php(816): Illuminate/Database/Connection->{closure:Illuminate/Database/Connection::statement():576}()
#2 C:/Users/HP/Desktop/lp/regional-crm/vendor/laravel/framework/src/Illuminate/Database/Connection.php(783): Illuminate/Database/Connection->runQueryCallback()
#3 C:/Users/HP/Desktop/lp/regional-crm/vendor/laravel/framework/src/Illuminate/Database/Connection.php(576): Illuminate/Database/Connection->run()
#4 C:/Users/HP/Desktop/lp/regional-crm/vendor/laravel/framework/src/Illuminate/Database/Connection.php(540): Illuminate/Database/Connection->statement()
#5 C:/Users/HP/Desktop/lp/regional-crm/vendor/laravel/framework/src/Illuminate/Database/Query/Processors/Processor.php(32): Illuminate/Database/Connection->insert()
#6 C:/Users/HP/Desktop/lp/regional-crm/vendor/laravel/framework/src/Illuminate/Database/Query/Builder.php(3549): Illuminate/Database/Query/Processors/Processor->processInsertGetId()
#7 C:/Users/HP/Desktop/lp/regional-crm/vendor/laravel/framework/src/Illuminate/Database/Eloquent/Builder.php(1982): Illuminate/Database/Query/Builder->insertGetId()
#8 C:/Users/HP/Desktop/lp/regional-crm/vendor/laravel/framework/src/Illuminate/Database/Eloquent/Model.php(1334): Illuminate/Database/Eloquent/Builder->__call()
#9 C:/Users/HP/Desktop/lp/regional-crm/vendor/laravel/framework/src/Illuminate/Database/Eloquent/Model.php(1299): Illuminate/Database/Eloquent/Model->insertAndSetId()
#10 C:/Users/HP/Desktop/lp/regional-crm/vendor/laravel/framework/src/Illuminate/Database/Eloquent/Model.php(1138): Illuminate/Database/Eloquent/Model->performInsert()
#11 C:/Users/HP/Desktop/lp/regional-crm/vendor/laravel/framework/src/Illuminate/Database/Eloquent/Builder.php(1025): Illuminate/Database/Eloquent/Model->save()
#12 C:/Users/HP/Desktop/lp/regional-crm/vendor/laravel/framework/src/Illuminate/Support/helpers.php(320): Illuminate/Database/Eloquent/Builder->{closure:Illuminate/Database/Eloquent/Builder::create():1024}()
#13 C:/Users/HP/Desktop/lp/regional-crm/vendor/laravel/framework/src/Illuminate/Database/Eloquent/Builder.php(1024): tap()
#14 C:/Users/HP/Desktop/lp/regional-crm/vendor/laravel/framework/src/Illuminate/Support/Traits/ForwardsCalls.php(23): Illuminate/Database/Eloquent/Builder->create()
#15 C:/Users/HP/Desktop/lp/regional-crm/vendor/laravel/framework/src/Illuminate/Database/Eloquent/Model.php(2335): Illuminate/Database/Eloquent/Model->forwardCallTo()
#16 C:/Users/HP/Desktop/lp/regional-crm/vendor/laravel/framework/src/Illuminate/Database/Eloquent/Model.php(2347): Illuminate/Database/Eloquent/Model->__call()
#17 C:/Users/HP/Desktop/lp/regional-crm/app/Http/Controllers/DealController.php(46): Illuminate/Database/Eloquent/Model::__callStatic()
#18 C:/Users/HP/Desktop/lp/regional-crm/vendor/laravel/framework/src/Illuminate/Routing/Controller.php(54): App/Http/Controllers/DealController->store()
#19 C:/Users/HP/Desktop/lp/regional-crm/vendor/laravel/framework/src/Illuminate/Routing/ControllerDispatcher.php(43): Illuminate/Routing/Controller->callAction()
#20 C:/Users/HP/Desktop/lp/regional-crm/vendor/laravel/framework/src/Illuminate/Routing/Route.php(259): Illuminate/Routing/ControllerDispatcher->dispatch()
#21 C:/Users/HP/Desktop/lp/regional-crm/vendor/laravel/framework/src/Illuminate/Routing/Route.php(205): Illuminate/Routing/Route->runController()
#22 C:/Users/HP/Desktop/lp/regional-crm/vendor/laravel/framework/src/Illuminate/Routing/Router.php(806): Illuminate/Routing/Route->run()
#23 C:/Users/HP/Desktop/lp/regional-crm/vendor/laravel/framework/src/Illuminate/Pipeline/Pipeline.php(144): Illuminate/Routing/Router->{closure:Illuminate/Routing/Router::runRouteWithinStack():805}()
#24 C:/Users/HP/Desktop/lp/regional-crm/app/Http/Middleware/LocaleMiddleware.php(26): Illuminate/Pipeline/Pipeline->{closure:Illuminate/Pipeline/Pipeline::prepareDestination():142}()
#25 C:/Users/HP/Desktop/lp/regional-crm/vendor/laravel/framework/src/Illuminate/Pipeline/Pipeline.php(183): App/Http/Middleware/LocaleMiddleware->handle()
#26 C:/Users/HP/Desktop/lp/regional-crm/vendor/laravel/framework/src/Illuminate/Routing/Middleware/SubstituteBindings.php(50): Illuminate/Pipeline/Pipeline->{closure:{closure:Illuminate/Pipeline/Pipeline::carry():158}:159}()
#27 C:/Users/HP/Desktop/lp/regional-crm/vendor/laravel/framework/src/Illuminate/Pipeline/Pipeline.php(183): Illuminate/Routing/Middleware/SubstituteBindings->handle()
#28 C:/Users/HP/Desktop/lp/regional-crm/vendor/laravel/framework/src/Illuminate/Auth/Middleware/Authenticate.php(57): Illuminate/Pipeline/Pipeline->{closure:{closure:Illuminate/Pipeline/Pipeline::carry():158}:159}()
#29 C:/Users/HP/Desktop/lp/regional-crm/vendor/laravel/framework/src/Illuminate/Pipeline/Pipeline.php(183): Illuminate/Auth/Middleware/Authenticate->handle()
#30 C:/Users/HP/Desktop/lp/regional-crm/vendor/laravel/framework/src/Illuminate/Foundation/Http/Middleware/VerifyCsrfToken.php(78): Illuminate/Pipeline/Pipeline->{closure:{closure:Illuminate/Pipeline/Pipeline::carry():158}:159}()
#31 C:/Users/HP/Desktop/lp/regional-crm/vendor/laravel/framework/src/Illuminate/Pipeline/Pipeline.php(183): Illuminate/Foundation/Http/Middleware/VerifyCsrfToken->handle()
#32 C:/Users/HP/Desktop/lp/regional-crm/vendor/laravel/framework/src/Illuminate/View/Middleware/ShareErrorsFromSession.php(49): Illuminate/Pipeline/Pipeline->{closure:{closure:Illuminate/Pipeline/Pipeline::carry():158}:159}()
#33 C:/Users/HP/Desktop/lp/regional-crm/vendor/laravel/framework/src/Illuminate/Pipeline/Pipeline.php(183): Illuminate/View/Middleware/ShareErrorsFromSession->handle()
#34 C:/Users/HP/Desktop/lp/regional-crm/vendor/laravel/framework/src/Illuminate/Session/Middleware/StartSession.php(121): Illuminate/Pipeline/Pipeline->{closure:{closure:Illuminate/Pipeline/Pipeline::carry():158}:159}()
#35 C:/Users/HP/Desktop/lp/regional-crm/vendor/laravel/framework/src/Illuminate/Session/Middleware/StartSession.php(64): Illuminate/Session/Middleware/StartSession->handleStatefulRequest()
#36 C:/Users/HP/Desktop/lp/regional-crm/vendor/laravel/framework/src/Illuminate/Pipeline/Pipeline.php(183): Illuminate/Session/Middleware/StartSession->handle()
#37 C:/Users/HP/Desktop/lp/regional-crm/vendor/laravel/framework/src/Illuminate/Cookie/Middleware/AddQueuedCookiesToResponse.php(37): Illuminate/Pipeline/Pipeline->{closure:{closure:Illuminate/Pipeline/Pipeline::carry():158}:159}()
#38 C:/Users/HP/Desktop/lp/regional-crm/vendor/laravel/framework/src/Illuminate/Pipeline/Pipeline.php(183): Illuminate/Cookie/Middleware/AddQueuedCookiesToResponse->handle()
#39 C:/Users/HP/Desktop/lp/regional-crm/vendor/laravel/framework/src/Illuminate/Cookie/Middleware/EncryptCookies.php(67): Illuminate/Pipeline/Pipeline->{closure:{closure:Illuminate/Pipeline/Pipeline::carry():158}:159}()
#40 C:/Users/HP/Desktop/lp/regional-crm/vendor/laravel/framework/src/Illuminate/Pipeline/Pipeline.php(183): Illuminate/Cookie/Middleware/EncryptCookies->handle()
#41 C:/Users/HP/Desktop/lp/regional-crm/vendor/laravel/framework/src/Illuminate/Pipeline/Pipeline.php(119): Illuminate/Pipeline/Pipeline->{closure:{closure:Illuminate/Pipeline/Pipeline::carry():158}:159}()
#42 C:/Users/HP/Desktop/lp/regional-crm/vendor/laravel/framework/src/Illuminate/Routing/Router.php(805): Illuminate/Pipeline/Pipeline->then()
#43 C:/Users/HP/Desktop/lp/regional-crm/vendor/laravel/framework/src/Illuminate/Routing/Router.php(784): Illuminate/Routing/Router->runRouteWithinStack()
#44 C:/Users/HP/Desktop/lp/regional-crm/vendor/laravel/framework/src/Illuminate/Routing/Router.php(748): Illuminate/Routing/Router->runRoute()
#45 C:/Users/HP/Desktop/lp/regional-crm/vendor/laravel/framework/src/Illuminate/Routing/Router.php(737): Illuminate/Routing/Router->dispatchToRoute()
#46 C:/Users/HP/Desktop/lp/regional-crm/vendor/laravel/framework/src/Illuminate/Foundation/Http/Kernel.php(200): Illuminate/Routing/Router->dispatch()
#47 C:/Users/HP/Desktop/lp/regional-crm/vendor/laravel/framework/src/Illuminate/Pipeline/Pipeline.php(144): Illuminate/Foundation/Http/Kernel->{closure:Illuminate/Foundation/Http/Kernel::dispatchToRouter():197}()
#48 C:/Users/HP/Desktop/lp/regional-crm/vendor/laravel/framework/src/Illuminate/Foundation/Http/Middleware/TransformsRequest.php(21): Illuminate/Pipeline/Pipeline->{closure:Illuminate/Pipeline/Pipeline::prepareDestination():142}()
#49 C:/Users/HP/Desktop/lp/regional-crm/vendor/laravel/framework/src/Illuminate/Foundation/Http/Middleware/ConvertEmptyStringsToNull.php(31): Illuminate/Foundation/Http/Middleware/TransformsRequest->handle()
#50 C:/Users/HP/Desktop/lp/regional-crm/vendor/laravel/framework/src/Illuminate/Pipeline/Pipeline.php(183): Illuminate/Foundation/Http/Middleware/ConvertEmptyStringsToNull->handle()
#51 C:/Users/HP/Desktop/lp/regional-crm/vendor/laravel/framework/src/Illuminate/Foundation/Http/Middleware/TransformsRequest.php(21): Illuminate/Pipeline/Pipeline->{closure:{closure:Illuminate/Pipeline/Pipeline::carry():158}:159}()
#52 C:/Users/HP/Desktop/lp/regional-crm/vendor/laravel/framework/src/Illuminate/Foundation/Http/Middleware/TrimStrings.php(40): Illuminate/Foundation/Http/Middleware/TransformsRequest->handle()
#53 C:/Users/HP/Desktop/lp/regional-crm/vendor/laravel/framework/src/Illuminate/Pipeline/Pipeline.php(183): Illuminate/Foundation/Http/Middleware/TrimStrings->handle()
#54 C:/Users/HP/Desktop/lp/regional-crm/vendor/laravel/framework/src/Illuminate/Foundation/Http/Middleware/ValidatePostSize.php(27): Illuminate/Pipeline/Pipeline->{closure:{closure:Illuminate/Pipeline/Pipeline::carry():158}:159}()
#55 C:/Users/HP/Desktop/lp/regional-crm/vendor/laravel/framework/src/Illuminate/Pipeline/Pipeline.php(183): Illuminate/Foundation/Http/Middleware/ValidatePostSize->handle()
#56 C:/Users/HP/Desktop/lp/regional-crm/vendor/laravel/framework/src/Illuminate/Foundation/Http/Middleware/PreventRequestsDuringMaintenance.php(99): Illuminate/Pipeline/Pipeline->{closure:{closure:Illuminate/Pipeline/Pipeline::carry():158}:159}()
#57 C:/Users/HP/Desktop/lp/regional-crm/vendor/laravel/framework/src/Illuminate/Pipeline/Pipeline.php(183): Illuminate/Foundation/Http/Middleware/PreventRequestsDuringMaintenance->handle()
#58 C:/Users/HP/Desktop/lp/regional-crm/vendor/laravel/framework/src/Illuminate/Http/Middleware/HandleCors.php(49): Illuminate/Pipeline/Pipeline->{closure:{closure:Illuminate/Pipeline/Pipeline::carry():158}:159}()
#59 C:/Users/HP/Desktop/lp/regional-crm/vendor/laravel/framework/src/Illuminate/Pipeline/Pipeline.php(183): Illuminate/Http/Middleware/HandleCors->handle()
#60 C:/Users/HP/Desktop/lp/regional-crm/vendor/laravel/framework/src/Illuminate/Http/Middleware/TrustProxies.php(39): Illuminate/Pipeline/Pipeline->{closure:{closure:Illuminate/Pipeline/Pipeline::carry():158}:159}()
#61 C:/Users/HP/Desktop/lp/regional-crm/vendor/laravel/framework/src/Illuminate/Pipeline/Pipeline.php(183): Illuminate/Http/Middleware/TrustProxies->handle()
#62 C:/Users/HP/Desktop/lp/regional-crm/vendor/laravel/framework/src/Illuminate/Pipeline/Pipeline.php(119): Illuminate/Pipeline/Pipeline->{closure:{closure:Illuminate/Pipeline/Pipeline::carry():158}:159}()
#63 C:/Users/HP/Desktop/lp/regional-crm/vendor/laravel/framework/src/Illuminate/Foundation/Http/Kernel.php(175): Illuminate/Pipeline/Pipeline->then()
#64 C:/Users/HP/Desktop/lp/regional-crm/vendor/laravel/framework/src/Illuminate/Foundation/Http/Kernel.php(144): Illuminate/Foundation/Http/Kernel->sendRequestThroughRouter()
#65 C:/Users/HP/Desktop/lp/regional-crm/public/index.php(18): Illuminate/Foundation/Http/Kernel->handle()
#66 C:/Users/HP/Desktop/lp/regional-crm/vendor/laravel/framework/src/Illuminate/Foundation/resources/server.php(16): require_once('...')
#67 {main}
"} 
[2026-05-12 23:26:07] local.ERROR: SQLSTATE[23000]: Integrity constraint violation: 19 NOT NULL constraint failed: deals.value (Connection: sqlite, SQL: insert into "deals" ("title", "value", "currency", "stage", "probability", "expected_close_date", "description", "customer_id", "assigned_to", "created_by", "status", "updated_at", "created_at") values (aaaaaa, ?, INR, prospecting, 20, ?, ?, ?, ?, 5, open, 2026-05-12 23:26:07, 2026-05-12 23:26:07)) {"userId":5,"exception":"[object] (Illuminate\\Database\\QueryException(code: 23000): SQLSTATE[23000]: Integrity constraint violation: 19 NOT NULL constraint failed: deals.value (Connection: sqlite, SQL: insert into \"deals\" (\"title\", \"value\", \"currency\", \"stage\", \"probability\", \"expected_close_date\", \"description\", \"customer_id\", \"assigned_to\", \"created_by\", \"status\", \"updated_at\", \"created_at\") values (aaaaaa, ?, INR, prospecting, 20, ?, ?, ?, ?, 5, open, 2026-05-12 23:26:07, 2026-05-12 23:26:07)) at C:/Users/HP/Desktop/lp/regional-crm/vendor/laravel/framework/src/Illuminate/Database/Connection.php:829)
[stacktrace]
#0 C:/Users/HP/Desktop/lp/regional-crm/vendor/laravel/framework/src/Illuminate/Database/Connection.php(783): Illuminate/Database/Connection->runQueryCallback()
#1 C:/Users/HP/Desktop/lp/regional-crm/vendor/laravel/framework/src/Illuminate/Database/Connection.php(576): Illuminate/Database/Connection->run()
#2 C:/Users/HP/Desktop/lp/regional-crm/vendor/laravel/framework/src/Illuminate/Database/Connection.php(540): Illuminate/Database/Connection->statement()
#3 C:/Users/HP/Desktop/lp/regional-crm/vendor/laravel/framework/src/Illuminate/Database/Query/Processors/Processor.php(32): Illuminate/Database/Connection->insert()
#4 C:/Users/HP/Desktop/lp/regional-crm/vendor/laravel/framework/src/Illuminate/Database/Query/Builder.php(3549): Illuminate/Database/Query/Processors/Processor->processInsertGetId()
#5 C:/Users/HP/Desktop/lp/regional-crm/vendor/laravel/framework/src/Illuminate/Database/Eloquent/Builder.php(1982): Illuminate/Database/Query/Builder->insertGetId()
#6 C:/Users/HP/Desktop/lp/regional-crm/vendor/laravel/framework/src/Illuminate/Database/Eloquent/Model.php(1334): Illuminate/Database/Eloquent/Builder->__call()
#7 C:/Users/HP/Desktop/lp/regional-crm/vendor/laravel/framework/src/Illuminate/Database/Eloquent/Model.php(1299): Illuminate/Database/Eloquent/Model->insertAndSetId()
#8 C:/Users/HP/Desktop/lp/regional-crm/vendor/laravel/framework/src/Illuminate/Database/Eloquent/Model.php(1138): Illuminate/Database/Eloquent/Model->performInsert()
#9 C:/Users/HP/Desktop/lp/regional-crm/vendor/laravel/framework/src/Illuminate/Database/Eloquent/Builder.php(1025): Illuminate/Database/Eloquent/Model->save()
#10 C:/Users/HP/Desktop/lp/regional-crm/vendor/laravel/framework/src/Illuminate/Support/helpers.php(320): Illuminate/Database/Eloquent/Builder->{closure:Illuminate/Database/Eloquent/Builder::create():1024}()
#11 C:/Users/HP/Desktop/lp/regional-crm/vendor/laravel/framework/src/Illuminate/Database/Eloquent/Builder.php(1024): tap()
#12 C:/Users/HP/Desktop/lp/regional-crm/vendor/laravel/framework/src/Illuminate/Support/Traits/ForwardsCalls.php(23): Illuminate/Database/Eloquent/Builder->create()
#13 C:/Users/HP/Desktop/lp/regional-crm/vendor/laravel/framework/src/Illuminate/Database/Eloquent/Model.php(2335): Illuminate/Database/Eloquent/Model->forwardCallTo()
#14 C:/Users/HP/Desktop/lp/regional-crm/vendor/laravel/framework/src/Illuminate/Database/Eloquent/Model.php(2347): Illuminate/Database/Eloquent/Model->__call()
#15 C:/Users/HP/Desktop/lp/regional-crm/app/Http/Controllers/DealController.php(46): Illuminate/Database/Eloquent/Model::__callStatic()
#16 C:/Users/HP/Desktop/lp/regional-crm/vendor/laravel/framework/src/Illuminate/Routing/Controller.php(54): App/Http/Controllers/DealController->store()
#17 C:/Users/HP/Desktop/lp/regional-crm/vendor/laravel/framework/src/Illuminate/Routing/ControllerDispatcher.php(43): Illuminate/Routing/Controller->callAction()
#18 C:/Users/HP/Desktop/lp/regional-crm/vendor/laravel/framework/src/Illuminate/Routing/Route.php(259): Illuminate/Routing/ControllerDispatcher->dispatch()
#19 C:/Users/HP/Desktop/lp/regional-crm/vendor/laravel/framework/src/Illuminate/Routing/Route.php(205): Illuminate/Routing/Route->runController()
#20 C:/Users/HP/Desktop/lp/regional-crm/vendor/laravel/framework/src/Illuminate/Routing/Router.php(806): Illuminate/Routing/Route->run()
#21 C:/Users/HP/Desktop/lp/regional-crm/vendor/laravel/framework/src/Illuminate/Pipeline/Pipeline.php(144): Illuminate/Routing/Router->{closure:Illuminate/Routing/Router::runRouteWithinStack():805}()
#22 C:/Users/HP/Desktop/lp/regional-crm/app/Http/Middleware/LocaleMiddleware.php(26): Illuminate/Pipeline/Pipeline->{closure:Illuminate/Pipeline/Pipeline::prepareDestination():142}()
#23 C:/Users/HP/Desktop/lp/regional-crm/vendor/laravel/framework/src/Illuminate/Pipeline/Pipeline.php(183): App/Http/Middleware/LocaleMiddleware->handle()
#24 C:/Users/HP/Desktop/lp/regional-crm/vendor/laravel/framework/src/Illuminate/Routing/Middleware/SubstituteBindings.php(50): Illuminate/Pipeline/Pipeline->{closure:{closure:Illuminate/Pipeline/Pipeline::carry():158}:159}()
#25 C:/Users/HP/Desktop/lp/regional-crm/vendor/laravel/framework/src/Illuminate/Pipeline/Pipeline.php(183): Illuminate/Routing/Middleware/SubstituteBindings->handle()
#26 C:/Users/HP/Desktop/lp/regional-crm/vendor/laravel/framework/src/Illuminate/Auth/Middleware/Authenticate.php(57): Illuminate/Pipeline/Pipeline->{closure:{closure:Illuminate/Pipeline/Pipeline::carry():158}:159}()
#27 C:/Users/HP/Desktop/lp/regional-crm/vendor/laravel/framework/src/Illuminate/Pipeline/Pipeline.php(183): Illuminate/Auth/Middleware/Authenticate->handle()
#28 C:/Users/HP/Desktop/lp/regional-crm/vendor/laravel/framework/src/Illuminate/Foundation/Http/Middleware/VerifyCsrfToken.php(78): Illuminate/Pipeline/Pipeline->{closure:{closure:Illuminate/Pipeline/Pipeline::carry():158}:159}()
#29 C:/Users/HP/Desktop/lp/regional-crm/vendor/laravel/framework/src/Illuminate/Pipeline/Pipeline.php(183): Illuminate/Foundation/Http/Middleware/VerifyCsrfToken->handle()
#30 C:/Users/HP/Desktop/lp/regional-crm/vendor/laravel/framework/src/Illuminate/View/Middleware/ShareErrorsFromSession.php(49): Illuminate/Pipeline/Pipeline->{closure:{closure:Illuminate/Pipeline/Pipeline::carry():158}:159}()
#31 C:/Users/HP/Desktop/lp/regional-crm/vendor/laravel/framework/src/Illuminate/Pipeline/Pipeline.php(183): Illuminate/View/Middleware/ShareErrorsFromSession->handle()
#32 C:/Users/HP/Desktop/lp/regional-crm/vendor/laravel/framework/src/Illuminate/Session/Middleware/StartSession.php(121): Illuminate/Pipeline/Pipeline->{closure:{closure:Illuminate/Pipeline/Pipeline::carry():158}:159}()
#33 C:/Users/HP/Desktop/lp/regional-crm/vendor/laravel/framework/src/Illuminate/Session/Middleware/StartSession.php(64): Illuminate/Session/Middleware/StartSession->handleStatefulRequest()
#34 C:/Users/HP/Desktop/lp/regional-crm/vendor/laravel/framework/src/Illuminate/Pipeline/Pipeline.php(183): Illuminate/Session/Middleware/StartSession->handle()
#35 C:/Users/HP/Desktop/lp/regional-crm/vendor/laravel/framework/src/Illuminate/Cookie/Middleware/AddQueuedCookiesToResponse.php(37): Illuminate/Pipeline/Pipeline->{closure:{closure:Illuminate/Pipeline/Pipeline::carry():158}:159}()
#36 C:/Users/HP/Desktop/lp/regional-crm/vendor/laravel/framework/src/Illuminate/Pipeline/Pipeline.php(183): Illuminate/Cookie/Middleware/AddQueuedCookiesToResponse->handle()
#37 C:/Users/HP/Desktop/lp/regional-crm/vendor/laravel/framework/src/Illuminate/Cookie/Middleware/EncryptCookies.php(67): Illuminate/Pipeline/Pipeline->{closure:{closure:Illuminate/Pipeline/Pipeline::carry():158}:159}()
#38 C:/Users/HP/Desktop/lp/regional-crm/vendor/laravel/framework/src/Illuminate/Pipeline/Pipeline.php(183): Illuminate/Cookie/Middleware/EncryptCookies->handle()
#39 C:/Users/HP/Desktop/lp/regional-crm/vendor/laravel/framework/src/Illuminate/Pipeline/Pipeline.php(119): Illuminate/Pipeline/Pipeline->{closure:{closure:Illuminate/Pipeline/Pipeline::carry():158}:159}()
#40 C:/Users/HP/Desktop/lp/regional-crm/vendor/laravel/framework/src/Illuminate/Routing/Router.php(805): Illuminate/Pipeline/Pipeline->then()
#41 C:/Users/HP/Desktop/lp/regional-crm/vendor/laravel/framework/src/Illuminate/Routing/Router.php(784): Illuminate/Routing/Router->runRouteWithinStack()
#42 C:/Users/HP/Desktop/lp/regional-crm/vendor/laravel/framework/src/Illuminate/Routing/Router.php(748): Illuminate/Routing/Router->runRoute()
#43 C:/Users/HP/Desktop/lp/regional-crm/vendor/laravel/framework/src/Illuminate/Routing/Router.php(737): Illuminate/Routing/Router->dispatchToRoute()
#44 C:/Users/HP/Desktop/lp/regional-crm/vendor/laravel/framework/src/Illuminate/Foundation/Http/Kernel.php(200): Illuminate/Routing/Router->dispatch()
#45 C:/Users/HP/Desktop/lp/regional-crm/vendor/laravel/framework/src/Illuminate/Pipeline/Pipeline.php(144): Illuminate/Foundation/Http/Kernel->{closure:Illuminate/Foundation/Http/Kernel::dispatchToRouter():197}()
#46 C:/Users/HP/Desktop/lp/regional-crm/vendor/laravel/framework/src/Illuminate/Foundation/Http/Middleware/TransformsRequest.php(21): Illuminate/Pipeline/Pipeline->{closure:Illuminate/Pipeline/Pipeline::prepareDestination():142}()
#47 C:/Users/HP/Desktop/lp/regional-crm/vendor/laravel/framework/src/Illuminate/Foundation/Http/Middleware/ConvertEmptyStringsToNull.php(31): Illuminate/Foundation/Http/Middleware/TransformsRequest->handle()
#48 C:/Users/HP/Desktop/lp/regional-crm/vendor/laravel/framework/src/Illuminate/Pipeline/Pipeline.php(183): Illuminate/Foundation/Http/Middleware/ConvertEmptyStringsToNull->handle()
#49 C:/Users/HP/Desktop/lp/regional-crm/vendor/laravel/framework/src/Illuminate/Foundation/Http/Middleware/TransformsRequest.php(21): Illuminate/Pipeline/Pipeline->{closure:{closure:Illuminate/Pipeline/Pipeline::carry():158}:159}()
#50 C:/Users/HP/Desktop/lp/regional-crm/vendor/laravel/framework/src/Illuminate/Foundation/Http/Middleware/TrimStrings.php(40): Illuminate/Foundation/Http/Middleware/TransformsRequest->handle()
#51 C:/Users/HP/Desktop/lp/regional-crm/vendor/laravel/framework/src/Illuminate/Pipeline/Pipeline.php(183): Illuminate/Foundation/Http/Middleware/TrimStrings->handle()
#52 C:/Users/HP/Desktop/lp/regional-crm/vendor/laravel/framework/src/Illuminate/Foundation/Http/Middleware/ValidatePostSize.php(27): Illuminate/Pipeline/Pipeline->{closure:{closure:Illuminate/Pipeline/Pipeline::carry():158}:159}()
#53 C:/Users/HP/Desktop/lp/regional-crm/vendor/laravel/framework/src/Illuminate/Pipeline/Pipeline.php(183): Illuminate/Foundation/Http/Middleware/ValidatePostSize->handle()
#54 C:/Users/HP/Desktop/lp/regional-crm/vendor/laravel/framework/src/Illuminate/Foundation/Http/Middleware/PreventRequestsDuringMaintenance.php(99): Illuminate/Pipeline/Pipeline->{closure:{closure:Illuminate/Pipeline/Pipeline::carry():158}:159}()
#55 C:/Users/HP/Desktop/lp/regional-crm/vendor/laravel/framework/src/Illuminate/Pipeline/Pipeline.php(183): Illuminate/Foundation/Http/Middleware/PreventRequestsDuringMaintenance->handle()
#56 C:/Users/HP/Desktop/lp/regional-crm/vendor/laravel/framework/src/Illuminate/Http/Middleware/HandleCors.php(49): Illuminate/Pipeline/Pipeline->{closure:{closure:Illuminate/Pipeline/Pipeline::carry():158}:159}()
#57 C:/Users/HP/Desktop/lp/regional-crm/vendor/laravel/framework/src/Illuminate/Pipeline/Pipeline.php(183): Illuminate/Http/Middleware/HandleCors->handle()
#58 C:/Users/HP/Desktop/lp/regional-crm/vendor/laravel/framework/src/Illuminate/Http/Middleware/TrustProxies.php(39): Illuminate/Pipeline/Pipeline->{closure:{closure:Illuminate/Pipeline/Pipeline::carry():158}:159}()
#59 C:/Users/HP/Desktop/lp/regional-crm/vendor/laravel/framework/src/Illuminate/Pipeline/Pipeline.php(183): Illuminate/Http/Middleware/TrustProxies->handle()
#60 C:/Users/HP/Desktop/lp/regional-crm/vendor/laravel/framework/src/Illuminate/Pipeline/Pipeline.php(119): Illuminate/Pipeline/Pipeline->{closure:{closure:Illuminate/Pipeline/Pipeline::carry():158}:159}()
#61 C:/Users/HP/Desktop/lp/regional-crm/vendor/laravel/framework/src/Illuminate/Foundation/Http/Kernel.php(175): Illuminate/Pipeline/Pipeline->then()
#62 C:/Users/HP/Desktop/lp/regional-crm/vendor/laravel/framework/src/Illuminate/Foundation/Http/Kernel.php(144): Illuminate/Foundation/Http/Kernel->sendRequestThroughRouter()
#63 C:/Users/HP/Desktop/lp/regional-crm/public/index.php(18): Illuminate/Foundation/Http/Kernel->handle()
#64 C:/Users/HP/Desktop/lp/regional-crm/vendor/laravel/framework/src/Illuminate/Foundation/resources/server.php(16): require_once('...')
#65 {main}

[previous exception] [object] (PDOException(code: 23000): SQLSTATE[23000]: Integrity constraint violation: 19 NOT NULL constraint failed: deals.value at C:/Users/HP/Desktop/lp/regional-crm/vendor/laravel/framework/src/Illuminate/Database/Connection.php:587)
[stacktrace]
#0 C:/Users/HP/Desktop/lp/regional-crm/vendor/laravel/framework/src/Illuminate/Database/Connection.php(587): PDOStatement->execute()
#1 C:/Users/HP/Desktop/lp/regional-crm/vendor/laravel/framework/src/Illuminate/Database/Connection.php(816): Illuminate/Database/Connection->{closure:Illuminate/Database/Connection::statement():576}()
#2 C:/Users/HP/Desktop/lp/regional-crm/vendor/laravel/framework/src/Illuminate/Database/Connection.php(783): Illuminate/Database/Connection->runQueryCallback()
#3 C:/Users/HP/Desktop/lp/regional-crm/vendor/laravel/framework/src/Illuminate/Database/Connection.php(576): Illuminate/Database/Connection->run()
#4 C:/Users/HP/Desktop/lp/regional-crm/vendor/laravel/framework/src/Illuminate/Database/Connection.php(540): Illuminate/Database/Connection->statement()
#5 C:/Users/HP/Desktop/lp/regional-crm/vendor/laravel/framework/src/Illuminate/Database/Query/Processors/Processor.php(32): Illuminate/Database/Connection->insert()
#6 C:/Users/HP/Desktop/lp/regional-crm/vendor/laravel/framework/src/Illuminate/Database/Query/Builder.php(3549): Illuminate/Database/Query/Processors/Processor->processInsertGetId()
#7 C:/Users/HP/Desktop/lp/regional-crm/vendor/laravel/framework/src/Illuminate/Database/Eloquent/Builder.php(1982): Illuminate/Database/Query/Builder->insertGetId()
#8 C:/Users/HP/Desktop/lp/regional-crm/vendor/laravel/framework/src/Illuminate/Database/Eloquent/Model.php(1334): Illuminate/Database/Eloquent/Builder->__call()
#9 C:/Users/HP/Desktop/lp/regional-crm/vendor/laravel/framework/src/Illuminate/Database/Eloquent/Model.php(1299): Illuminate/Database/Eloquent/Model->insertAndSetId()
#10 C:/Users/HP/Desktop/lp/regional-crm/vendor/laravel/framework/src/Illuminate/Database/Eloquent/Model.php(1138): Illuminate/Database/Eloquent/Model->performInsert()
#11 C:/Users/HP/Desktop/lp/regional-crm/vendor/laravel/framework/src/Illuminate/Database/Eloquent/Builder.php(1025): Illuminate/Database/Eloquent/Model->save()
#12 C:/Users/HP/Desktop/lp/regional-crm/vendor/laravel/framework/src/Illuminate/Support/helpers.php(320): Illuminate/Database/Eloquent/Builder->{closure:Illuminate/Database/Eloquent/Builder::create():1024}()
#13 C:/Users/HP/Desktop/lp/regional-crm/vendor/laravel/framework/src/Illuminate/Database/Eloquent/Builder.php(1024): tap()
#14 C:/Users/HP/Desktop/lp/regional-crm/vendor/laravel/framework/src/Illuminate/Support/Traits/ForwardsCalls.php(23): Illuminate/Database/Eloquent/Builder->create()
#15 C:/Users/HP/Desktop/lp/regional-crm/vendor/laravel/framework/src/Illuminate/Database/Eloquent/Model.php(2335): Illuminate/Database/Eloquent/Model->forwardCallTo()
#16 C:/Users/HP/Desktop/lp/regional-crm/vendor/laravel/framework/src/Illuminate/Database/Eloquent/Model.php(2347): Illuminate/Database/Eloquent/Model->__call()
#17 C:/Users/HP/Desktop/lp/regional-crm/app/Http/Controllers/DealController.php(46): Illuminate/Database/Eloquent/Model::__callStatic()
#18 C:/Users/HP/Desktop/lp/regional-crm/vendor/laravel/framework/src/Illuminate/Routing/Controller.php(54): App/Http/Controllers/DealController->store()
#19 C:/Users/HP/Desktop/lp/regional-crm/vendor/laravel/framework/src/Illuminate/Routing/ControllerDispatcher.php(43): Illuminate/Routing/Controller->callAction()
#20 C:/Users/HP/Desktop/lp/regional-crm/vendor/laravel/framework/src/Illuminate/Routing/Route.php(259): Illuminate/Routing/ControllerDispatcher->dispatch()
#21 C:/Users/HP/Desktop/lp/regional-crm/vendor/laravel/framework/src/Illuminate/Routing/Route.php(205): Illuminate/Routing/Route->runController()
#22 C:/Users/HP/Desktop/lp/regional-crm/vendor/laravel/framework/src/Illuminate/Routing/Router.php(806): Illuminate/Routing/Route->run()
#23 C:/Users/HP/Desktop/lp/regional-crm/vendor/laravel/framework/src/Illuminate/Pipeline/Pipeline.php(144): Illuminate/Routing/Router->{closure:Illuminate/Routing/Router::runRouteWithinStack():805}()
#24 C:/Users/HP/Desktop/lp/regional-crm/app/Http/Middleware/LocaleMiddleware.php(26): Illuminate/Pipeline/Pipeline->{closure:Illuminate/Pipeline/Pipeline::prepareDestination():142}()
#25 C:/Users/HP/Desktop/lp/regional-crm/vendor/laravel/framework/src/Illuminate/Pipeline/Pipeline.php(183): App/Http/Middleware/LocaleMiddleware->handle()
#26 C:/Users/HP/Desktop/lp/regional-crm/vendor/laravel/framework/src/Illuminate/Routing/Middleware/SubstituteBindings.php(50): Illuminate/Pipeline/Pipeline->{closure:{closure:Illuminate/Pipeline/Pipeline::carry():158}:159}()
#27 C:/Users/HP/Desktop/lp/regional-crm/vendor/laravel/framework/src/Illuminate/Pipeline/Pipeline.php(183): Illuminate/Routing/Middleware/SubstituteBindings->handle()
#28 C:/Users/HP/Desktop/lp/regional-crm/vendor/laravel/framework/src/Illuminate/Auth/Middleware/Authenticate.php(57): Illuminate/Pipeline/Pipeline->{closure:{closure:Illuminate/Pipeline/Pipeline::carry():158}:159}()
#29 C:/Users/HP/Desktop/lp/regional-crm/vendor/laravel/framework/src/Illuminate/Pipeline/Pipeline.php(183): Illuminate/Auth/Middleware/Authenticate->handle()
#30 C:/Users/HP/Desktop/lp/regional-crm/vendor/laravel/framework/src/Illuminate/Foundation/Http/Middleware/VerifyCsrfToken.php(78): Illuminate/Pipeline/Pipeline->{closure:{closure:Illuminate/Pipeline/Pipeline::carry():158}:159}()
#31 C:/Users/HP/Desktop/lp/regional-crm/vendor/laravel/framework/src/Illuminate/Pipeline/Pipeline.php(183): Illuminate/Foundation/Http/Middleware/VerifyCsrfToken->handle()
#32 C:/Users/HP/Desktop/lp/regional-crm/vendor/laravel/framework/src/Illuminate/View/Middleware/ShareErrorsFromSession.php(49): Illuminate/Pipeline/Pipeline->{closure:{closure:Illuminate/Pipeline/Pipeline::carry():158}:159}()
#33 C:/Users/HP/Desktop/lp/regional-crm/vendor/laravel/framework/src/Illuminate/Pipeline/Pipeline.php(183): Illuminate/View/Middleware/ShareErrorsFromSession->handle()
#34 C:/Users/HP/Desktop/lp/regional-crm/vendor/laravel/framework/src/Illuminate/Session/Middleware/StartSession.php(121): Illuminate/Pipeline/Pipeline->{closure:{closure:Illuminate/Pipeline/Pipeline::carry():158}:159}()
#35 C:/Users/HP/Desktop/lp/regional-crm/vendor/laravel/framework/src/Illuminate/Session/Middleware/StartSession.php(64): Illuminate/Session/Middleware/StartSession->handleStatefulRequest()
#36 C:/Users/HP/Desktop/lp/regional-crm/vendor/laravel/framework/src/Illuminate/Pipeline/Pipeline.php(183): Illuminate/Session/Middleware/StartSession->handle()
#37 C:/Users/HP/Desktop/lp/regional-crm/vendor/laravel/framework/src/Illuminate/Cookie/Middleware/AddQueuedCookiesToResponse.php(37): Illuminate/Pipeline/Pipeline->{closure:{closure:Illuminate/Pipeline/Pipeline::carry():158}:159}()
#38 C:/Users/HP/Desktop/lp/regional-crm/vendor/laravel/framework/src/Illuminate/Pipeline/Pipeline.php(183): Illuminate/Cookie/Middleware/AddQueuedCookiesToResponse->handle()
#39 C:/Users/HP/Desktop/lp/regional-crm/vendor/laravel/framework/src/Illuminate/Cookie/Middleware/EncryptCookies.php(67): Illuminate/Pipeline/Pipeline->{closure:{closure:Illuminate/Pipeline/Pipeline::carry():158}:159}()
#40 C:/Users/HP/Desktop/lp/regional-crm/vendor/laravel/framework/src/Illuminate/Pipeline/Pipeline.php(183): Illuminate/Cookie/Middleware/EncryptCookies->handle()
#41 C:/Users/HP/Desktop/lp/regional-crm/vendor/laravel/framework/src/Illuminate/Pipeline/Pipeline.php(119): Illuminate/Pipeline/Pipeline->{closure:{closure:Illuminate/Pipeline/Pipeline::carry():158}:159}()
#42 C:/Users/HP/Desktop/lp/regional-crm/vendor/laravel/framework/src/Illuminate/Routing/Router.php(805): Illuminate/Pipeline/Pipeline->then()
#43 C:/Users/HP/Desktop/lp/regional-crm/vendor/laravel/framework/src/Illuminate/Routing/Router.php(784): Illuminate/Routing/Router->runRouteWithinStack()
#44 C:/Users/HP/Desktop/lp/regional-crm/vendor/laravel/framework/src/Illuminate/Routing/Router.php(748): Illuminate/Routing/Router->runRoute()
#45 C:/Users/HP/Desktop/lp/regional-crm/vendor/laravel/framework/src/Illuminate/Routing/Router.php(737): Illuminate/Routing/Router->dispatchToRoute()
#46 C:/Users/HP/Desktop/lp/regional-crm/vendor/laravel/framework/src/Illuminate/Foundation/Http/Kernel.php(200): Illuminate/Routing/Router->dispatch()
#47 C:/Users/HP/Desktop/lp/regional-crm/vendor/laravel/framework/src/Illuminate/Pipeline/Pipeline.php(144): Illuminate/Foundation/Http/Kernel->{closure:Illuminate/Foundation/Http/Kernel::dispatchToRouter():197}()
#48 C:/Users/HP/Desktop/lp/regional-crm/vendor/laravel/framework/src/Illuminate/Foundation/Http/Middleware/TransformsRequest.php(21): Illuminate/Pipeline/Pipeline->{closure:Illuminate/Pipeline/Pipeline::prepareDestination():142}()
#49 C:/Users/HP/Desktop/lp/regional-crm/vendor/laravel/framework/src/Illuminate/Foundation/Http/Middleware/ConvertEmptyStringsToNull.php(31): Illuminate/Foundation/Http/Middleware/TransformsRequest->handle()
#50 C:/Users/HP/Desktop/lp/regional-crm/vendor/laravel/framework/src/Illuminate/Pipeline/Pipeline.php(183): Illuminate/Foundation/Http/Middleware/ConvertEmptyStringsToNull->handle()
#51 C:/Users/HP/Desktop/lp/regional-crm/vendor/laravel/framework/src/Illuminate/Foundation/Http/Middleware/TransformsRequest.php(21): Illuminate/Pipeline/Pipeline->{closure:{closure:Illuminate/Pipeline/Pipeline::carry():158}:159}()
#52 C:/Users/HP/Desktop/lp/regional-crm/vendor/laravel/framework/src/Illuminate/Foundation/Http/Middleware/TrimStrings.php(40): Illuminate/Foundation/Http/Middleware/TransformsRequest->handle()
#53 C:/Users/HP/Desktop/lp/regional-crm/vendor/laravel/framework/src/Illuminate/Pipeline/Pipeline.php(183): Illuminate/Foundation/Http/Middleware/TrimStrings->handle()
#54 C:/Users/HP/Desktop/lp/regional-crm/vendor/laravel/framework/src/Illuminate/Foundation/Http/Middleware/ValidatePostSize.php(27): Illuminate/Pipeline/Pipeline->{closure:{closure:Illuminate/Pipeline/Pipeline::carry():158}:159}()
#55 C:/Users/HP/Desktop/lp/regional-crm/vendor/laravel/framework/src/Illuminate/Pipeline/Pipeline.php(183): Illuminate/Foundation/Http/Middleware/ValidatePostSize->handle()
#56 C:/Users/HP/Desktop/lp/regional-crm/vendor/laravel/framework/src/Illuminate/Foundation/Http/Middleware/PreventRequestsDuringMaintenance.php(99): Illuminate/Pipeline/Pipeline->{closure:{closure:Illuminate/Pipeline/Pipeline::carry():158}:159}()
#57 C:/Users/HP/Desktop/lp/regional-crm/vendor/laravel/framework/src/Illuminate/Pipeline/Pipeline.php(183): Illuminate/Foundation/Http/Middleware/PreventRequestsDuringMaintenance->handle()
#58 C:/Users/HP/Desktop/lp/regional-crm/vendor/laravel/framework/src/Illuminate/Http/Middleware/HandleCors.php(49): Illuminate/Pipeline/Pipeline->{closure:{closure:Illuminate/Pipeline/Pipeline::carry():158}:159}()
#59 C:/Users/HP/Desktop/lp/regional-crm/vendor/laravel/framework/src/Illuminate/Pipeline/Pipeline.php(183): Illuminate/Http/Middleware/HandleCors->handle()
#60 C:/Users/HP/Desktop/lp/regional-crm/vendor/laravel/framework/src/Illuminate/Http/Middleware/TrustProxies.php(39): Illuminate/Pipeline/Pipeline->{closure:{closure:Illuminate/Pipeline/Pipeline::carry():158}:159}()
#61 C:/Users/HP/Desktop/lp/regional-crm/vendor/laravel/framework/src/Illuminate/Pipeline/Pipeline.php(183): Illuminate/Http/Middleware/TrustProxies->handle()
#62 C:/Users/HP/Desktop/lp/regional-crm/vendor/laravel/framework/src/Illuminate/Pipeline/Pipeline.php(119): Illuminate/Pipeline/Pipeline->{closure:{closure:Illuminate/Pipeline/Pipeline::carry():158}:159}()
#63 C:/Users/HP/Desktop/lp/regional-crm/vendor/laravel/framework/src/Illuminate/Foundation/Http/Kernel.php(175): Illuminate/Pipeline/Pipeline->then()
#64 C:/Users/HP/Desktop/lp/regional-crm/vendor/laravel/framework/src/Illuminate/Foundation/Http/Kernel.php(144): Illuminate/Foundation/Http/Kernel->sendRequestThroughRouter()
#65 C:/Users/HP/Desktop/lp/regional-crm/public/index.php(18): Illuminate/Foundation/Http/Kernel->handle()
#66 C:/Users/HP/Desktop/lp/regional-crm/vendor/laravel/framework/src/Illuminate/Foundation/resources/server.php(16): require_once('...')
#67 {main}
"} 
[2026-05-16 15:32:41] local.ERROR: The "--columns" option does not exist. {"exception":"[object] (Symfony\\Component\\Console\\Exception\\RuntimeException(code: 0): The \"--columns\" option does not exist. at E:/LPU/lp/regional-crm/vendor/symfony/console/Input/ArgvInput.php:222)
[stacktrace]
#0 E:/LPU/lp/regional-crm/vendor/symfony/console/Input/ArgvInput.php(149): Symfony/Component/Console/Input/ArgvInput->addLongOption('columns', 'method,uri,name...')
#1 E:/LPU/lp/regional-crm/vendor/symfony/console/Input/ArgvInput.php(85): Symfony/Component/Console/Input/ArgvInput->parseLongOption('--columns=metho...')
#2 E:/LPU/lp/regional-crm/vendor/symfony/console/Input/ArgvInput.php(74): Symfony/Component/Console/Input/ArgvInput->parseToken('--columns=metho...', true)
#3 E:/LPU/lp/regional-crm/vendor/symfony/console/Input/Input.php(56): Symfony/Component/Console/Input/ArgvInput->parse()
#4 E:/LPU/lp/regional-crm/vendor/symfony/console/Command/Command.php(285): Symfony/Component/Console/Input/Input->bind(Object(Symfony/Component/Console/Input/InputDefinition))
#5 E:/LPU/lp/regional-crm/vendor/laravel/framework/src/Illuminate/Console/Command.php(180): Symfony/Component/Console/Command/Command->run(Object(Symfony/Component/Console/Input/ArgvInput), Object(Illuminate/Console/OutputStyle))
#6 E:/LPU/lp/regional-crm/vendor/symfony/console/Application.php(1121): Illuminate/Console/Command->run(Object(Symfony/Component/Console/Input/ArgvInput), Object(Symfony/Component/Console/Output/ConsoleOutput))
#7 E:/LPU/lp/regional-crm/vendor/symfony/console/Application.php(324): Symfony/Component/Console/Application->doRunCommand(Object(Illuminate/Foundation/Console/RouteListCommand), Object(Symfony/Component/Console/Input/ArgvInput), Object(Symfony/Component/Console/Output/ConsoleOutput))
#8 E:/LPU/lp/regional-crm/vendor/symfony/console/Application.php(175): Symfony/Component/Console/Application->doRun(Object(Symfony/Component/Console/Input/ArgvInput), Object(Symfony/Component/Console/Output/ConsoleOutput))
#9 E:/LPU/lp/regional-crm/vendor/laravel/framework/src/Illuminate/Foundation/Console/Kernel.php(201): Symfony/Component/Console/Application->run(Object(Symfony/Component/Console/Input/ArgvInput), Object(Symfony/Component/Console/Output/ConsoleOutput))
#10 E:/LPU/lp/regional-crm/artisan(24): Illuminate/Foundation/Console/Kernel->handle(Object(Symfony/Component/Console/Input/ArgvInput), Object(Symfony/Component/Console/Output/ConsoleOutput))
#11 {main}
"} 
